Tahun,Media_Online,Seed_URL,Parent,Anchor,Surrounding
2019,okezone,https://lifestyle.okezone.com/read/2019/11/06/406/2126222/intip-liburan-wulan-guritno-ke-geopark-ciletuh-seksi-pakai-bikini-hitam?page=3,"Momen liburan Wulan Guritno seakan tak pernah usai. Belum lama dia pergi ke Sumba, sekarang Wulan Guritno liburan ke Geopark Ciletuh, Jawa Barat.
 Dekat dari Jakarta, Wulan Guritno pun melepas penat sejenak di Geopark Ciletuh. Wisata alam yang baru hits di Sukabumi ini terkesan sangat asri nan eksotis, bikin Wulan Guritno betah.  
 Tak sekadar liburan, Wulan Guritno pun menyelesaikan satu project film, yang mengambil lokasi syuting di Geopark Ciletuh. Seru deh! Ia pun sempat berpose pakai bikini, penampilannya jadi lebih seksi. Beberapa potret seksinya Wulan Guritno saat liburan ke Geopark Ciletuh pun bakal diulas Okezone berikut ini.
 1. Hot berbikini
 
 Pesona alam Geopark Ciletuh bikin siapa saja terpana, termasuk Wulan Guritno. Dia betah lho memandangi indahnya wisata alam ini sambil berpose seksi pakai bikini. Wulan Guritno gayanya cantik kan, saat berbikini serba dihitam, ditutupi dengan outer putih bermotif.                  
                                       2. Seksi pamer punggung ¬† Wulan Guritno juga sengaja pamer punggung seksi lho. Walau usianya  tak lagi muda, hot mom ini lekuk tubuhnya langsing. Dia juga senang  berbusana ketat, seperti gaya cantik ini di Geopark Ciletuh. Lama-lama  bikin gagal fokus! 3. Berpose dengan latar pohon kering   ¬† Pose dari samping, Wulan Guritno semakin terlihat aduhai. Bikininya  memang tertutup, tapi hot mama dua anak ini lekuk tubuhnya bak gitar  spanyol. Siapapun pasti bakal terpana! 4. Serunya naik kapal kayu ¬† Selama di Geopark Ciletuh, Wulan Guritno stunning banget. Ketika Naik  kapal kayu, pesona wajahnya tetap muda. Gayanya pun semakin menawan dan  kinclong banget. 5. Bahagia usai syuting ¬† Bersama crew dan cast Ghostbuser The Movie, Wulan Guritno paling  seksi ya. Di hari terakhir syuting, hot mama 38 tahun ini unggah foto  bareng di Instagram. Asyik ya, Wulan Guritno bisa kerja sekaligus  liburan! (tam)",#Liburan Artis #Seksi Berbikini #Wisata geopark #Geopark Ciletuh #Wulan Guritno,#Bali #Air Terjun Bali #wisata bali #Artis Liburan ke Bali #Liburan Artis #Maia Estianty #Artis Jalan-Jalan #Artis Liburan #Liburan Artis #Arya Saloka #Aldebaran #Artis Jalan-Jalan #Liburan Artis #Pramugari #Sisi Asih #Pramugari Cantik #Gunung Bromo #Artis Jalan-Jalan #Liburan Artis #Artis Liburan #Zaskia Adya Mecca #Zaskia Mecca #australia #Gaya Natasha Dewanti #Natasha Dewanti #Liburan Artis #Artis Liburan #Ikatan Cinta #Artis Indonesia #Artis Cantik #Liburan Artis #Prilly Latuconsina #Bukit Warinding #sumba #Liburan Ariel Tatum #Liburan Artis #Foto Mesra Ariel Tatum dan Gading Marten #Ariel Tatum #Potret Liburan Artis #Liburan Artis #Gunung Bromo #Wisata Bromo ##Rafting #Sungai Ayung #Artis Cantik #Potret Liburan Artis #Liburan Artis #El Barack #Jessica Iskandar #Tempat Wisata Kekinian #Artis Jalan-Jalan #Potret Liburan Artis #Sarah Ikatan Cinta #Sinetron Ikatan Cinta #Natasha Dewanti #Liburan Artis #Liburan Artis #Seksi Berbikini #Wisata geopark #Geopark Ciletuh #Wulan Guritno #Seksi Berbikini #Liburan Artis #Liburan di Bali #Pose Seksi #Vanessa Angel #Seksi Berbikini #Bikini #Anya Geraldine #Selebgram #Seksi Berbikini #Anya Geraldine #Seksi Berbikini #Artis Seksi #Tamara Bleszynski #Pakaian Seksi #Seksi Berbikini #Barista #Seksi Berbikini #Skandal Prostitusi #Aldira Chena #Wisata geopark #Danau Toba #Pariwisata Sumut #Wisata Sumut #pariwisata new normal #wisata new normal #wisata alam #Geopark #Wisata geopark #pariwisata new normal #wisata new normal #wisata alam #Wisata geopark #Geopark #Liburan Artis #Seksi Berbikini #Wisata geopark #Geopark Ciletuh #Wulan Guritno #Wisata geopark #Geopark #Natuna #PT Antam Tbk #Wisata geopark #antam #Libur Akhir Tahun #Wisata Geopark Ciletuh #Geopark Ciletuh #wisata alam #Wisata Sukabumi #sukabumi #Geopark Global UNESCO #Jawa Barat #Wisata Geopark Ciletuh #pelabuhan ratu #Geopark Ciletuh #Geopark Global UNESCO #Jawa Barat #pelabuhan ratu #Geopark Ciletuh #Wisata Geopark Ciletuh #Kemenparekraf #Geopark Ciletuh #Palabuhan Ratu #Wisata Geopark Ciletuh #Pariwisata Sukabumi #Wisata Air Terjun #Air Terjun di Sukabumi #Curug di Sukabumi #Geopark Ciletuh #Curug Cikanteh #Pantai Palangpang #WIsata Pantai #Geopark Ciletuh #Wisata bahari #new normal #pariwisata new normal #ciletuh #Geopark Ciletuh #Geopark #Liburan Artis #Seksi Berbikini #Wisata geopark #Geopark Ciletuh #Wulan Guritno #OOTD Artis #Gaya Wulan Guritno #Penampilan Wulan Guritno #Hot Mom #Gal Gadot #Wulan Guritno Seksi #Pesona Wulan Guritno #Wulan Guritno #Hot Gosip #Arya Saloka #Wulan Guritno #Vanessa Angel #Wulan Guritno #Hubungan #Shaloom Razade Syach #Attila Syach #Wisata Yogyakata #Destinasi Wisata Yordania #Tempat Wisata Yogyakarta #Wisata Gumuk Pasir Parangkusumo #Wulan Guritno #Shaloom Razadee #Shaloom #Penampilan Wulan Guritno #Gaya Wulan Guritno #Pesona Wulan Guritno #Wulan Guritno #Wulan Guritno #Chelsea Olivia #Bunga Citra Lestari #Maia Estianty #Artis Pakai Batik #Sejarah Batik #Batik Nusantara #Batik Indonesia #Manfaat Bersepeda #Artis Gowes Sepeda #Wulan Guritno Gowes #Gaya Wulan Guritno #Penampilan Wulan Guritno #Wulan Guritno #Shaloom Razadee #Nonton Konser dalam Mobil #Konser Drive-In #Wulan Guritno Nonton Konser #Wulan Guritno #Pantai Pangandaran #Wisata Pangandaran #Artis Liburan #Liburan Wulan Guritno #Wulan Guritno #Artis Cantik #new normal #Gaya Artis New Normal #Wulan Guritno #Cinta Laura
2016,okezone,https://economy.okezone.com/read/2016/11/28/470/1553053/pemerintah-siapkan-rp200-m-kembangkan-geopark-nasional-ciletuh,"BANDUNG - Pemerintah Provinsi (Pemprov) Jawa Barat akan membangun kawasan ekonomi khusus di sekitar Geopark Nasional Ciletuh, Pelabuhan Ratu, Kabupaten Sukabumi, Jawa Barat sebagai upaya mengoptimalkan sektor pariwisata dan menjadikan kawasan tersebut sebagai UNESCO Global Geopark.

 ""Ke depan kami juga akan bangun kawasan ekonomi khusus sektor kepariwisataan di kawasan geopark itu,"" kata Gubernur Jawa Barat Ahmad Heryawan (Aher) usai penandatanganan kerja sama pengembangan Geopark Nasional Ciletuh dengan sejumlah pihak di Gedung Sate Bandung, Senin (28/11/2016).  Menurut dia, Kawasan Ekonomi Khusus Geopark Ciletuh dibangun untuk meningkatkan pertumbuhan ekonomi di daerah tersebut dan bentuknya bisa berupa kawasan perdagangan hingga resort untuk menunjang penyediaan fasilitas bagi wisatawan.

 Dia menuturkan, Geopark Nasional Ciletuh yang memiliki luas sekitar 126.000 hektare tersebut akan disulap menjadi potensi pariwisata terkenal lainnya di Indonesia yakni seperti objek wisata bernuansa pantai lainnya yang telah lebih dulu populer. ""Nanti itu konsep atau nuansanya kepariwisataan tapi pergerakannya ekonomi sangat dominan. Kawasan ekonomi khusus ini biasanya kan industri tapi ini di bidang pariwisata, kaya Tanjung Lesung, Murotai dan Labuan Bajo,"" kata dia.

 Sementara itu terkait pengembangan Kawasan Ekonomi Khusus Geopark Ciletuh, ia mengatakan pihaknya akan mengajukan izin khusus ke Kementerian Pariwisata dan dari Kementerian Pariwisata akan diajukan ke Kementerian Koordinator Perekonomian.

 Selain itu, Pemprov Jawa Barat juga telah menyiapkan anggaran sekitar Rp200-an miliar untuk pembangunan infrastruktur seperti jalan dan jembatan untuk akses menuju Geopark Nasional Ciletuh pada tahun 2017.

 Ia menuturkan nantinya akan dibangun jalan di sepanjang pantai yakni mulai dari Pantai Loji Pelabuhan Ratu membentung terus hingga menuju kawasan Puncak Darma.

 ""Nah dari Puncak Darma nanti turun ke bawah ke kawasan pokoknya yakni Geopark Ciletuh. Kondisi jalan saat ini ada yang jalan setapak ada juga yang ada bebatuannya,"" kata dia. (fir)
 (rhs)",none,none
2016,okezone,https://lifestyle.okezone.com/read/2016/06/27/406/1426243/inilah-6-titik-geopark-ciletuh-yang-wajib-dijelajahi,"SUKABUMI -  Geopark Ciletuh ini pernah diseminarkan di Balairung, Gedung Sapta Pesona, Kemenpar bersama komunitas alumni ITB Bandung tahun 1981. Banyak peserta seminar itu yang antusias dengan Ciletuh, sebuah potensi geopark yang merupakan patahan dari hasil pergerakan lempeng bumi.
 ‚??Indah betul Ciletuh, ada laut, ada sawah dan ladang, lalu ada air terjun dari gunung dan hutan. Lengkap sudah semua kekuatan keindahan alam diborong semua,‚?ù papar Menpar Arief  Yahya, di Jakarta.  Setelah Seminar itu, Ciletuh yang berada di Kabupaten Sukabumi itu terus menjadi bahan perbincangan. Kesimpulannya, lokasi ini harus dikembangkan menjadi destinasi Pariwisata yang kuat. Namun, itu semua terkait dengan komitmen CEO-nya, atau keseriusan pemerintah daerahnya. Apakah mereka siap? ‚??Itulah yang harus didorong,‚?ù kata Menteri Pariwisata Arief Yahya.
 Agar bisa merasakan seperti apa keindahan alam Ciletuh, ada baiknya meluangkan sedikit waktu untuk keliling ke sana. Jaraknya hanya 3-4 jam dari pusat kota Sukabumi. Berikut 6 titik yang bisa dinikmati ketika Anda datang ke #PesonaLebaranCiletuh #PesonaKulinerCiletuh #PesonaIndonesia. 1.Curug Sodong
 Air Terjun yang satu ini mungkin bisa menjadi pilihan pertama anda saat berada di Geopark Ciletuh. Posisinya yang tersembunyi di balik cekungan sebuah bukit, membuat suasana di Curug Sodong sangat istimewa. Di dasar air terjun anda bisa mlihat sebuah ceruk yang tidak terlalu dala. Anda bisa masuk ke ceruk tersebut dan mengambil gambar dari belakang air terjun.
 2.Pantai Palangpang
  
 Damai, kata itu mungkin yang akan terbersit di pikiran anda begitu tiba di Pantai Palangpang. Deburan ombak yang tenang dan hamparan pasir yang luas, membuat anda bisa meluruskan kaki sembari melepas lelah di sini. Di sini juga terdapat sejumlah bale-bale yang cocok untuk anda bersantai. Tapi awas ketiduran, karena hembusan angin laut selatan dijamin akan dengan mudah membuat anda terbuai.
 3.Curug Cimarinjung
  
 Untuk menuju ke curug Cimarinjung, anda harus terlebih dulu dimanjakan dengan pemandangan sawah nan hijau. Dari kejauhan anda bisa melihat bagaimana indahnya air terjun yang jatuh dari deretan perbukitan. Namun untuk menuju ke dasar air terjun, anda harus berjuang sedikit keras dengan melewati jalan setepak yang dipenuhi bebatuan. Tapi sesampai anda di sini, semua rasa lelah akan hilang, karena keindahan yang ditawarkan Curug Cimarinjung begitu memukau.
 Deretan batu besar yang bergelimpangan di sekitar air terjun, membuat seakan dibawa ke jaman Jurasik Park, sungguh memukau.
 4.Puncak Darma
  
 Tak jauh dari Curug Cimarinjung, terdapat sebuat dataran tinggi yang dinamai Puncak Darma. Ini merupakan titik tertinggi di Geopark Ciletuh yang teoat mengarah ke laut. Di sini anda bisa menikmati pemandangan matahari tenggelam. Karena letaknya di ketinggian, anda akan bisa melihat denggan jelas bagaimana saat samudra menelan bulat-bulat sang surya.
 5.Panenjoan
  
 Karena Geopark Ciletuh merupakan bentang batuan tertua di Jawa Barat, maka di sini terdapat begitu banyak bukit bebatuan. Salah satu yang bisa anda nikmati keindahannya adalah Bukit Panenjoan.
 Dari sini anda bisa melihat wilayah Geopark Ciletuh secara keseluruhan. Dan tentu saja, bagi anda penggemar selfie, Bukit Panenjoan menyiapkan latar belakang yang dijamin bisa membuat teman-teman anda iri.
 6.Curug Awang
  
 Air terjun yang satu ini adalah tempat terakhir yang bisa anda kunjungi saat berada di Geopark Ciletuh. Debit airnya yang besar, seakan membuat air terjun ini terlihat seperti tirai besar dari kejauhan. Namun bila anda datang di musim kemarau, maka anda bisa mencoba naik ke bagian atas air terjun dengan menaiki bebatuan yang ada di sisi dinding air terjun.
                  
                                 (amr)",Ciletuh,none
2015,okezone,https://lifestyle.okezone.com/read/2015/12/23/406/1273299/taman-alam-ciletuh-ditargetkan-jadi-geopark-dunia," TAMAN alam batuan tua di Ciletuh resmi menyandang  status geopark nasional setelah mendapat sertifikat dari  Kementerian ESDM. Setelah berstatus nasional, geopark ditargetkan  jadi geopark dunia.    ""Kita akan usulkan ke UNESCO agar pada 2017 nanti jadi Geopark Global  Network,"" kata Wakil Gubernur Jawa Barat, Deddy Mizwar, di Gedung Sate,  Kota Bandung, Selasa (22/12/2015).    Mimpi besarnya, geopark itu nantinya akan jadi tempat wisata kelas  dunia. Selain itu, di lokasi juga akan jadi tempat penelitian hingga  terdapat kegiatan ekonomi.    Tapi untuk mendapat status Geopar Global Network, itu tidak bisa  dilakukan dalam waktu singkat. Meski begitu, saat ini sudah satu langkah  lebih maju karena sudah ditetapkan sebagai geopark nasional.    ""Pertama harus (berstatus) geopark nasional dulu, enggak ada yang bisa  langsung internasional. Jadi (ditetapkan statusnya) di negaranya dulu,  baru nanti diajukan ke UNESCO,"" jelas Deddy.    Salah satu jalan agar mendapat status Geopark Global Network adalah  dengan memperbaiki sarana dan prasarana di lokasi. Perbaikan jalan pun  akan dilakukan agar akses menuju lokasi semakin mudah.    Sebab jika ingin jadi geopark kelas dunia, akses jalan ke lokasi harus  ditingkatkan dan tentunya lebih lebar. Langkah awalnya untuk menuju ke  sana adalah dengan mengubah status kepemilikan akses jalan ke lokasi  dari milik Pemkab Sukabumi menjadi milik Pemprov Jawa Barat.    Kepala Bappeda Jawa Barat, Deny Juanda, mengatakan anggaran perbaikan jalan ke lokasi sudah dianggarkan di APBD.    ""Tahap pertama dianggarkan sepanjang 30 kilometer dengan sumber dana  dari APBD 2016. Lalu untuk tahap kedua juga dilakukan (perbaikan jalan)  30 kilometer dari APBD Perubahan 2016,"" tutur Deny.    Sementara karena geopark merupakan wisata alam, tidak semua akses jalan  akan diperbaiki dengan mulus. Di beberapa lokasi khusus, akan ada  bebatuan agar di sana benar-benar terasa sebagai wisata alam. (jjs)",none,none
2014,okezone,https://news.okezone.com/read/2014/03/03/527/949277/surga-dunia-itu-bernama-geopark-ciletuh,"SUKABUMI - Berwisata ke tempat-tempat modern sudah biasa, bahkan menjemukan. Karena itu, banyak warga yang memilih tempat wisata alam sebagai tujuan.  Salah satu lokasi yang patut menjadi pertimbangan bila ingin berwisata alam adalah geopark atau taman alam batuan tua di Ciletuh, Sukabumi, Jawa Barat.  Geopark tersebut bak surga dunia yang menawarkan pemandangan hamparan batu karang laut serta 10 air terjun pegunungan. Dari pemandangan yang ditawarkan, sudah pasti lokasi wisata tersebut berlatar belakang pegunungan dan laut.  Geopark Ciletuh berlokasi di Kecamatan Ciemas, Sukabumi. Lokasinya tidak jauh dari Jakarta. Dibutuhkan waktu sekira tiga jam dari Jakarta untuk sampai ke lokasi.  Geopark Ciletuh dikemas dalam paket wisata, di mana setiap orangnya dikenai biaya Rp350 ribu. Dengan biaya tersebut, pengunjung akan diajak berkeliling menggunakan mobil berpenggerak empat roda menyusuri hamparan batuan tua hasil proses sedementasi jutaan tahun lalu. Pengunjung juga akan diajak berkeliling ke pedesaan, termasuk menginap (home stay) di rumah penduduk.  Menu makanannya pun menggoda selera, yakni masakan tradisional khas Sunda.¬†Pengunjung juga akan diajak melihat dari dekat pembuatan gula¬†kelapa, termasuk makanan khas seperti kayamang dan cimplung. Kayamang adalah buah kelapa yang dimasukkan ke air wedang saat proses pembuatan gula kelapa, sementara cimplung semacam kue pisang.  Di perjalanan, pengunjung juga bisa menyaksikan 10 air terjun luar biasa, di antaranya Air Terjun Puncak Manik, Awang, Cimarinjung, Cikanteh, Codong Tengah, hingga Ngelay.  Pengunjung juga akan diantar ke dataran tinggi sambil menikmati keindahan dan panorama alam.  Belum cukup, pengunjung juga akan diajak menyusuri gua-gua di samping laut pantai selatan, termasuk air terjun yang jatuh ke laut.  Ketua Paguyuban Alam Pakidulan Sukabumi (Papsi), Endang Sutisna, Senin (3/3/2014), menerangkan, semua keindahan tersebut disuguhkan oleh alam dan warga asli. Warga di sana juga menyuguhkan kesenian tradsional Sunda, di antaranya pencak silat, jaipong, calung, hingga laes.  (ton)",none,none
2019,okezone,https://lifestyle.okezone.com/read/2019/06/13/406/2066187/promosikan-natuna-sebagai-kawasan-wisata-geopark-nasional-sail-to-natuna-pukau-wisman,"Rally layar internasional Sail to Natuna yang digelar pada 10-15 Juni 2019 menjadi ajang untuk mempromosikan Natuna dan sekitarnya sebagai kawasan wisata Geopark Nasional.

 Sebanyak 32 yachter (peserta) mancanegara yang ambil bagian dalam Sail to Natuna 2019 diajak untuk menikmati keindahan beberapa destinasi yang dikunjungi antara lain Batu Sindu, Pulau Senua, Masjid Agung Natuna, dan Alif Stone Park.  Asisten Deputi Bidang Pengembangan Pemasaran I Regional I Kemenpar Dessy Ruhati di Jakarta, Rabu (12/6/2019) mengatakan, luas kawasan yang dimiliki Natuna memang memenuhi syarat untuk ditetapkan sebagai Geopark Nasional.
 ¬† (Foto: Dokumentasi Kemenpar)
 Letaknya terbentang dari bagian selatan hingga ke utara, dan menutupi hampir separuh sisi timur Pulau Bunguran. Batuan granit di dalamnya menjadi daya tarik utama dari situs Geopark Natuna ini.

 ‚??Konon, usia batuan granit tersebut sudah mencapai ratusan juta tahun. Sangat menarik untuk diteliti, setidaknya ada 8 geoside yang masuk dalam Geopark Natuna yaitu Pulau Akar, Batu Asah, Gunung Ranai, Pantai Gua, Kamak, Pulau Senua, Pulau Stanau, Senubing, dan Tanjung Datuk. Ini potensi wisata yang luar biasa,‚?ù kata Dessy Ruhati, sebagaimana dikutip dari siaran pers yang diterima Okezone, Kamis (13/6/2019).

 Kepala Dinas Kebudayaan dan Pariwisata Natuna Hardiansyah, menambahkan sertifikat penetapan atas status tersebut telah diterbitkan oleh Komite Nasional Geopark Indonesia di Pongkor, Kabupaten Bogor, Jawa Barat, akhir November 2018.
 ¬†
 (Foto: Dokumentasi Kemenpar)
 Ia berharap, masuknya Natuna dalam jajaran Geopark Nasional menjadi nilai tambah bagi pariwisata lokal di wilayah itu dan sekitarnya.

 ""Ini menjadi kebanggaan kita bersama, umumnya masyarakat Kepulauan Riau. Karenanya, kita harus menyatukan persepsi agar status Geopark Nasional meningkat menjadi Geopark Dunia. Kita juga perlu melibatkan masyarakat, agar status ini berimbas pada peningkatan kesejahteraan warga,‚?ù tuturnya.

 Kawasan Geopark Nasional di Natuna ini semakin memantapkan posisi Kepulauan Riau sebagai salah satu destinasi wisata. Keberadaannya dapat menimbulkan efek domino positif yang dirasakan langsung oleh masyarakat.                  
                                 (tam)",#Wisata geopark #Geopark #Natuna,#Wisata geopark #Danau Toba #Pariwisata Sumut #Wisata Sumut #pariwisata new normal #wisata new normal #wisata alam #Geopark #Wisata geopark #pariwisata new normal #wisata new normal #wisata alam #Wisata geopark #Geopark #Liburan Artis #Seksi Berbikini #Wisata geopark #Geopark Ciletuh #Wulan Guritno #Wisata geopark #Geopark #Natuna #PT Antam Tbk #Wisata geopark #antam #Wisata Tulungagung #pantai pacar #Pantai Perawan #Pantai Perawan di Pelosok Tulungagung #Geopark #Geopark #UNESCO #Geopark Maros Pangkep didorong masuk UNESCO #Geopark Maros Pangkep #Geopark #Bandung #wisata new normal #Wisata di Bandung #wisata kawah putih #Kawah Putih #Wisata di Bandung #spot kuliner di ciwidey #Geopark #sungai ciwidey #arung jeram sungai ciwidey #Geopark #Wisata di Bandung #Geopark #sungai ciwidey #arung jeram sungai ciwidey #wisata arung jeram #Geopark #Wisata di Bandung #Geopark #sungai ciwidey #arung jeram sungai ciwidey #wisata arung jeram #wisata new normal #Wisata Kuliner #gua pawon #Wisata Kuliner #Tempat Wisata Bandung #Geopark #wisata new normal #gua pawon bandung #jelajah gua pawon #gua pawon #Tempat Wisata Bandung #Geopark #Kuliner Bandung #wisata tangkuban parahu #Jalan-Jalan ke Tangkuban Parahu #Tangkuban Parahu #Wisata Bandung #Geopark #destinasi wisata new normal #Tempat Wisata Bandung #wisata new normal #Gunung Tangkuban Parahu #Tangkuban Parahu #Geopark #Natuna #tni #Perairan Natuna #TNI AL #Penangkapan Kapal Ikan #Kapal Ikan Asing #Illegal Fishing #Illegal Fishing #tni #TNI AL #Kapal Vietnam #Natuna #Covid-19 #Perum Damri #Natuna #Angkutan Perintis #Logistik #Natuna Utara #Natuna #ilegal fishing #Pencurian Ikan #bakamla #Nelayan Indonesia #Perairan Natuna #laut Natuna #Natuna #nelayan #Natuna #Laut Natuna Utara #bakamla #Menko PMK Muhadjir Effendy #Menko PMK #Kapal Pesiar Diamond Princess #WNI di Kapal Pesiar Diamond Princess #Natuna #china #Wuhan #Natuna #Klaten #Virus Korona #Natuna #Wuhan #Observasi WNI di Natuna #Pemulangan WNI dari Natuna #WNI dipulangkan #Covid-19 #sampang #Kominfo Ungkap Sanksi Penyebar Hoaks Virus Korona #Virus COVID-19  #Natuna #Observasi WNI di Natuna #Pemulangan WNI dari Natuna #WNI dipulangkan
2019,okezone,https://news.okezone.com/read/2019/03/26/1/2035018/kembangkan-taman-buah-nusantara-antam-tingkatkan-perekonomian-masyarakat-bogor,"BOGOR - PT Aneka Tambang Tbk (ANTAM; IDX: ANTM; ASX: ATM)  melakukan inisiasi pengembangan Taman Buah Nusantara di Kecamatan Nanggung ,Kabupaten Bogor. ANTAM mengembangkan 14 varian buah asli Indonesia sebanyak 515 bibit di areal seluas 2 hektar.
 Taman Buah Nusantara    merupakan salah satu bagian dalam rencana strategis pengembangan Kawasan Geo Eco Edu Toursim setelah Museum Tambang dan Kawasan Wisata Cikaret yang telah menjadi bagian dalam Taman Bumi Nasional yakni Geopar kPongkor, di Bogor Jawa Barat.

  Direktur Human Capital & CSR ANTAM, Johan NB. Nababan mengatakan, program Taman Buah Nusantara merupakan salah satu implementasi pelaksanaan tanggung jawab sosial Perusahaan (CSR), khususnya di sektor pelestarian alam sekaligus peningkatan ekonomi masyarakat.
  ‚??Program ini akan menjadi salah satu infrastruktur yang memperkuat program CSR lainnya yang telah ada bahkan menjadi bagian dalam Geopark Nasional. Sebagai Perusahaan dengan tata kelola pelaksanaan CSR yang baik, ANTAM senantiasa mewujudkan program yang berkelanjutan dan mendukung peningkatan kemandirian masyarakat,‚?ùujar Johan.
 14 varian buah nusantara asli Indonesia yang dikembangkan di Taman Buah Nusantara diantaranya adalah Durian Pelangi; Kelengkeng Aroma Durian; Kelengkeng New Kristal; Kelengkeng Verni; Alpukat Miki; Alpukat Aligator; Alpukat Si Kendil; Mamey Sapote Proletto; Sawo Jumbo; Jambu Kristal;   Anggur Pohon; Pepaya Kalina; Murbei Jumbo; dan Miracle Fruit.
 ANTAM bersama masyarakat melaksanakan program mulai dari: Persiapan dan penataan lahan yang telah dimulai sejak Desember2018;  Penanaman bibit tanaman buah; Pembangunan     instalasi pengairan; dan Perawatan dan pendampingan program.
 Perusahaan berharap          program ini dapat memberikan stimulus berkembangnya nilai tambah baru dari produk pengembangan budidaya Taman Buah Nusantara. ANTAM juga melihat berbagai kemungkinan untuk pengembangan tanaman buah endemik yang ada di wilayah Kecamatan Nanggung, Kabupaten Bogor.
 Melalui program ini, Perusahaan juga berharap selain tercapai tujuan terbentuknya fungsi pendidikan dan peningkatan ekonomi masyarakat, juga tercapai fungsi pengembangan sosial dan wisata dalam rangka penguatan Geopark Pongkor yang telah menjadi perhatian untuk menjadi Jaringan Geopark  Global UNESCO.           (fmi)",#PT Antam Tbk #Wisata geopark #antam,#Badan Intelijen Negara (BIN) #BIN #Erick Thohir #PT Antam Tbk #Komisaris Antam #Sulawesi Tenggara #kecelakaan kapal #PT Antam Tbk #kapal tenggelam #logam mulia #PT Antam Tbk #emas #emas antam #Harga Emas #lowongan kerja #Lowongan Kerja BUMN #PT Antam Tbk #Holding Tambang BUMN #PT Antam Tbk #holding bumn #PT Antam Tbk #Antam Nickel Half Marathon 2019 #PT Antam Tbk #Bebersih Ciliwung #PT Antam Tbk #Holding BUMN Tambang #Produk UMKM #PT Antam Tbk #PT Inalum #PT Antam Tbk #Wisata geopark #Danau Toba #Pariwisata Sumut #Wisata Sumut #pariwisata new normal #wisata new normal #wisata alam #Geopark #Wisata geopark #pariwisata new normal #wisata new normal #wisata alam #Wisata geopark #Geopark #Liburan Artis #Seksi Berbikini #Wisata geopark #Geopark Ciletuh #Wulan Guritno #Wisata geopark #Geopark #Natuna #PT Antam Tbk #Wisata geopark #antam #antam #Harga Emas Antam #emas antam #Harga Emas #Penjualan Emas Antam #emas #Saham Pertambangan #antam #ANTM #PT Aneka Tambang Tbk (ANTM) #Eksplorasi Tambang #PT Aneka Tambang Tbk (ANTM) #PT Aneka Tambang #antam #Pembangkit Listrik #listrik #smelter #antam #PT Aneka Tambang Tbk (ANTM) #antam #Freeport Indonesia #Erick Thohir #Menteri BUMN Erick Thohir #PT Aneka Tambang #PT Aneka Antam Tbk (ANTM) #Saham ANTM #antam # Kasus Positif Covid #PT Aneka Tambang #emas antam #Laba Antam #antam #dividen #Dividen BUMN #PT Antam Tbk (ANTM) #antam #PT Aneka Tambang Tbk (ANTM) #Virus Corona #emas antam #antam #Komisaris Antam #antam #Harga Emas Antam Turun #Emas Antam Turun #Harga Emas Antam #emas antam
2019,okezone,https://news.okezone.com/read/2019/07/06/1/2075550/reydonnyzar-moenek-ajak-perantau-minang-kembangkan-geopark-silokek-sebagai-destinasi-wisata,"JAKARTA ‚?? Sekretaris Jenderal Dewan Perwakilan Daerah (DPD) Republik Indonesia, Reydonnyzar Moenek, menghadiri acara Silaturahim dan Halal Bihalal Forum Minang Maimbau (FMM) di Hotel Mercure, Cikini (6/7). Dalam acara tersebut, Reydonnyzar Moenek, mengajak seluruh masyarakat untuk ikut serta mempromosikan Silokek sebagai destinasi wisata unggulan di Kabupaten Sijunjung, Sumatera Barat.
 Dalam acara yang juga dihadiri oleh Anggota DPR RI H. Refrizal, Mantan Menteri Perindustrian, Fahmi Idris, Mantan Wakil Menteri Pendidikan dan Kebudayaan Fasli Djalal, Admin Forum Minang Maimbau Firdaus HB, dan masyarakat perantau Minang, pria yang akrab disapa dengan nama Donny ini menjelaskan bahwa Geopark Silokek dapat menjadi bagian dari Geopark Unesco lobal Geopark (UGG). Artinya Silokek dapat dikembangkan menjadi destinasi wisata internasional.

  ‚??Dukungan semua pihak sangat diperlukan karena banyak persyaratan yang harus dipenuhi. Untuk menjadi geopark dunia, butuh dukungan semua pihak,‚?ù tegasnya.
 Donny menambahkan, Geopark Silokek merupakan aset bagi pengembangan pariwisata di Kabupaten Sinjunjung dan Provinsi Sumatra Barat. Pusat Informasi Geopark Nasional Silokek di simpang Tugu Muaro Sijunjung. Geopark Silokek punya keindahan alam yang eksotik yang merupakan warisan geologi dan budaya dengan memiliki keragaman fauna dan flora. ‚??Salah satu pemandangan yang menarik di Geopark Silokek adalah adanya aneka batuan yang terdiri dari kelompok batuan gamping, sedimen, metamorf, dan granit,‚?ù jelas pria yang pernah menjabat sebagai Pj. Gubernur Sumatera Barat ini.
 Secara geologis, bebatuan di kawasan Silokek berumur kurang lebih 359 juta tahun. Geopark Silokek dianggap melengkapi dua geopark yang lainnya yang sebelumnya sudah ada di Sumatera Barat, yaitu Geopark Ngarai Sianok di Kabupaten Agam, dan Geopark Sawahlunto di Kota Sawahlunto. Donny juga menjelaskan bahwa Silokek sebagai salah satu destinasi wisata telah didukung dengan akses jalan yang memberikan kemudahan transportasi. Tentunya pengembangan Silokek sebagai destinasi wisata juga dapat memberikan manfaat bagi ekonomi masyarakat.
 ‚??Pengembangan Geopark Silokek mampu membuka peluang bagi pengembangan ekonomi rakyat melalui berbagai program utama oleh pemerintah. Dengan adanya Geopark Silokek ini nantinya kedepan juga sangat bisa berkontribusi untuk pengembangan wisata di Sumbar,‚?ù ujar Donny.
 Menurut Donny, saat ini Indonesia telah memiliki dua geopark dengan status UNESCO Global Geopark, yakni Geopark Batur (Batur UNESCO Global Geopark) di Bali, dan Geopark Gunung Sewu di Jawa Tengah dan DI Yogyakarta. Sementara itu, Sumbar memiliki Silokek, Ngarai Sianok-Maninjau dan Sawahlunto yang berstatus sebagai Geopark Nasional. Di dalam kawasan geopark ada keanekaragaman hayati yang dikelola Kementerian Lingkungan Hidup dan Kehutanan (KLHK) dan cagar biosfer LIPI.
 Meskipun memiliki potensi yang sangat besar sebagai destinasi wisata geopark, pengembangan Silokek membutuhkan peranan dari semua pihak. Pengembangan Geopark Nasional Silokek sebagai destinasi wisata di Sumatera Barat harus juga ditunjang dengan pembangunan infrastruktur yang mendukung. Oleh karena itu, Donny meminta agar masyarakat perantau Minang yang tergabung dalam FMM turut memberi sumbangan pemikiran, saran, dan bantuan lainnya untuk pengembangan pariwisata di Sumatera Barat.           (fmi)",#Geopark Indonesia #Advertorial DPD RI,#Geopark Indonesia #Advertorial DPD RI #DPD RI #Crude Palm Oil (CPO) #Advertorial DPD RI #Dharma Wanita #DPD RI #Advertorial DPD RI #reformasi birokrasi #Advertorial DPD RI #DPD RI #Minang #Budaya Minang #Advertorial DPD RI #Kh Ma #Advertorial DPD RI #Geopark Indonesia #Advertorial DPD RI #DPD RI #Advertorial DPD RI #UU Kesejahteraan Lanjut Usia #DPD RI #Advertorial DPD RI #MRT Lebak Bulus #DPD RI #Advertorial DPD RI #Ketua DPD RI Oesman Sapta #Advertorial DPD RI #DPD RI
2019,okezone,https://lifestyle.okezone.com/read/2019/10/04/406/2112912/keindahan-destinasi-wisata-di-indonesia-dipromosikan-lewat-apwi,"Kementerian Pariwisata menyelenggarakan Anugerah Pewarta Wisata Indonesia (APWI). Dalam acara APWI yang digelar di Gedung Sapta Pesona, Rabu, 3 Oktober 2019, Menpar Arief Yahya menilai penyelenggaraan APWI efektif untuk mempromosikan keindahan destinasi wisata di Indonesia.

 Menurut Arief, APWI memiliki media value yang sangat tinggi. Dengan eksposure destinasi wisata yang tinggi, dianggap sangat membantu promosi. Dalam penyelenggaraan tahun ini, media value APWI disebut Menpar mencapai Rp15 miliar.  ¬†
 Dengan tema Millennial Tourism, Kemenpar memberikan penghargaan kepada para pewarta pariwisata atas karya tulisan dan tayangan televisi terbaik. Dari MNC Group, dua karya dari program INEWS TV dan GTV menyabet penghargaan. INEWS TV meraih juara satu Kategori Media Televisi APWI 2019 dengan judul ‚??Menyusuri Jejak Kolonial ala Milenial, program Geopark Indonesia‚?ù.  Sedangkan GTV tampil sebagai Pemenang Best of The Best APWI 2019 dengan judul karya ‚??Surga Cantik dari Indonesia Timur‚?ù dari program Travel Addict.
 ¬†
 Dengan eksposure yang sangat tinggi, Menpar Arief pun mengatakan akan menaikkan hadiah untuk penyelenggaraan APWI 2020 menjadi Rp1 miliar atau dua kali lipat dari jumlah anggaran APWI 2019.

 ‚??Eskposurenya besar sehingga sangat membantu promosi sesuai tema yang ditetapkan, dan tahun depan kami akan naikkan menjadi Rp1 miliar dengan tema Tourism 4.0,‚?ù Arief Yahya.

                  
                                       Mengenai pemilihan tema Tourism 4.0, Arief mengatakan ini merupakan  gabungan dari tema tahun-tahun sebelumnya, yakni digital dan milenial. ‚??Paling sederhana rumusan 4.0 adalah digital dan milenial. 4.0 smart tourism,‚?ù lanjutnya. Sekretaris Kementerian Pariwisata, Kurleni Ukar menambahkan,  pemberian penghargaan APWI 2019 merupakan bentuk apresiasi Kemenpar  kepada para pewarta pariwisata. Dengan tema wisata milenial, pihaknya berharap kinerja sektor  pariwisata Indonesia semakin baik termasuk dalam upaya memenuhi target  kunjungan 18,5 juta wisatawan mancanegara (wisman) tahun ini, di mana  lebih dari 50 persen datang dari kalangan kaum milenial. ‚??Lomba APWI 2019 diadakan dengan dua tema besar, yaitu Millennial  Tourism dan 5 Destinasi Super Prioritas. Kompetisi diikuti peserta  masing-masing kategori yaitu Majalah 28 karya, Surat Kabar 40 karya,  Televisi 73 karya, Blog 92 karya, Media Online 117 karya, dan Kategori  Khusus 79 karya dan satu kategori Best of The Best,‚?ù pungkas Kurleni.",#Arief Yahya #APWI #Traveler Milenial #Pariwisata Indonesia #Destinasi Wisata,#Arief Yahya #Kemenparekraf #Kemenparekraf #Menparekraf #Menpar Wishnutama #Wishnutama #Arief Yahya #Kabinet Kerja Jokowi-Maruf Amin #Wishnutama Menteri #Menteri Pariwisata Wishnutama #Menteri Pariwisata Arief Yahya #Arief Yahya #Arief Yahya #Devisa #Menpar #Menteri Pariwisata dan Ekonomi Kreatif #Wishnutama #Kementarian Pariwisata #Calendar of Event (CoE) #Arief Yahya #Menpar Arief Yahya #pariwisata #Turis China #Paket Wisata #Pariwisata Indonesia #Arief Yahya #Menpar Arief Yahya #Industri Pariwisata #Presiden jokowi #jokowi #Menpar Arief Yahya #Arief Yahya #Arief Yahya #Pariwisata Indonesia #pariwisata #Pusat Informasi Pariwisata #Arief Yahya #APWI #Traveler Milenial #Pariwisata Indonesia #Destinasi Wisata #Menteri Pariwisata #Arief Yahya #Festival Budaya #Festival Tanjung Lesung #Tanjung lesung #Arief Yahya #APWI #Traveler Milenial #Pariwisata Indonesia #Destinasi Wisata #Traveler Milenial #Pendidikan Madrasah #Siswa MTs #travel muslim #Peluncuran Buku #WIsata Indonesia #Traveler Milenial ##kemenpar #Pariwisata Indonesia #RedDoorz #Arief Yahya #APWI #Traveler Milenial #Pariwisata Indonesia #Destinasi Wisata #Liburan Milenial #Traveler Milenial #milenial #Wisata Kebumen #Traveler Milenial #Taman Bunga #Traveler Milenial #Jet Pribadi Maia Estianty #Dul Jaelani #Aaliyah Massaid #Pemulihan Pariwisata #Menparekraf Wishnutama #Kemenparekraf #Travel Insight with Google #pariwisata #Pariwisata Indonesia #Promosi Wisata #CHSE #Protokol CHSE #Sosialisasi CHSE #Protokol Kesehatan Wisata #Pariwisata Indonesia #Dana Hibah Pariwisata #Kemenparekraf #Pariwisata Indonesia #Hibah Pariwisata #Hotel dan Restoran #Menparekraf Wishnutama #CHSE #Kemenparekraf #Protokol CHSE #Sosialisasi CHSE #Pariwisata Indonesia #Sosialisasi CHSE #Protokol CHSE #CHSE #Pariwisata Indonesia #DPR #Sosialisasi CHSE #Kemenparekraf #Protokol CHSE #CHSE #Pariwisata Indonesia #Digitalisasi Museum #Wisata Museum #museum #Pariwisata Indonesia #MICE #Pariwisata Indonesia #kebangkitan pariwisata #Kemenparekraf #MICE Tourism #ICTM #Kemenparekraf #Pariwisata Indonesia #ICTM #Kemenparekraf #Pemulihan Pariwisata #Pariwisata Indonesia #Destinasi Wisata #Surabaya #Protokol Kesehatan Pariwisata #Natal dan Tahun Baru #Libur Natal dan Tahun Baru 2021 #Penginapan Unik #Objek Wisata #Destinasi Wisata #Swedia #Wisata Tangerang #jakarta #Sektor Pariwisata #Destinasi Wisata #tangerang #Wisata Aceh #Surga Dunia #Aceh Singkil #Destinasi Wisata #Pulau Banyak #Wisata Bangka Belitung #Bangka belitung #pariwisata #Destinasi Wisata #Penutupan Lokasi Wisata #Virus Corona #Covid-19 #Destinasi Wisata #india #Wisata Museum #Destinasi Wisata #baturaden #Banyumas #Purwokerto #wisata alam #Destinasi Wisata #Aparatur Sipil Negara (ASN) #Sulawesi Barat #Covid-19 #Potensi Pariwisata #Pariwisata Indonesia #Indonesia #Destinasi Wisata #Tips Liburan #Libur Akhir Tahun #Rekomendasi Wisata #Traveling #Destinasi Wisata #Libur Panjang
2019,okezone,https://lifestyle.okezone.com/read/2019/09/23/406/2108396/adakan-minang-geopark-run-kemenpar-yakin-jumlah-wisatawan-naik-2-kali-lipat?page=3,"OLAHRAGA lari memang telah menjadi salah satu gaya hidup masyarakat modern. Banyak event lari dihelat untuk mengajak seseorang agar mau hidup sehat.

 Lari pun tidak hanya dijadikan sarana olahraga, tapi juga saat untuk berwisata. Nah, akhir tahun 2019 nanti bakal ada event Minang Geopark Run (MGR) 2019. Di sana, akan ada ajang lari 5K, 10K dan 21K, sambil menikmati cantiknya objek-objek wisata di Ranah Minang. Tak ketinggalan pula, Anda bisa kulineran sambil belanja oleh-oleh khas Minang.  Deputi Bidang Pengembangan Pemasaran I Kemenpar Rizki Handayani mengatakan, sport tourism salah satu cara ideal yang dapat mendongkrak wisatawan. Diperkirakan, jumlah wisatawan yang datang dapat meningkat dua kali lipat dibanding memakai cara promosi lainnya.

 ""Kami menyambut baik event ini karena temanya menarik dan beda. Dengan sport tourism seperti ini juga dapat mendorong adanya geopark-geopark Nasional jadi naik kelas,"" ucap Rizki saat Press Conference di Kantor Kementerian Pariwisata RI, Jakarta Pusat, Senin (23/9/2019). 
 Geopark, menurut Rizki, jadi salah satu objek wisata yang menjanjikan. Wisatawan akan senang berkunjung ke geopark, karena tak hanya bisa menikmati alam yang indah, namun juga penasaran dengan ceritanya.

 Di Indonesia banyak geopark yang masuk ke dalam UNESCO Global Geopark (UGG). Misalnya saja, Ciletuh, Danau Toba dan Batur. Wisatawan dunia telah mengakui keindahan geopark-geopark tersebut yang tak terbantahkan.

 Sementara di Sumatera Barat sendiri ada 10 geopark yang terkenal di kalangan wisatawan lokal. Antara lain, Ngarai Sianok, Danau Maninjau, Kars Tarusan Kamang, Lembah Harau, Danau Singkarak, bekas tambang Sawahlunto, Danau Kembar, Solok Selatan, Silokek dan Mentawai.

 Geopark unik bukan hanya pariwisata, tapi ada ceritanya. Misalnya flora dan fauna, ada masyarakat, serta cerita mengenai bentang alamnya sendiri,"" ucap Rizki.
                  
                                       Ketua Pelaksana MGR 2019 YV Tri Saputra menambahkan, saat ikut ajang  lari, wisatawan juga ditawarkan field trip. Acara dihelat dua hari,  tepatnya 30 November sampai 1 Desember 2019. ""Sumbar punya banyak hotel berbintang, atraksi wisata kuliner dan  belanja, serta sport tourism yang mendunia. Usai berlari, jadi bisa  menikmati wisata di sana,"" tutur Tri.  Tri menyebutkan, race track event ini ada di 6 kabupaten. Dengan dua  kategori yaitu kategori Ultra dan Relay dengan rute tempuh berbeda.  Untuk kategori Ultra (Perorangan) mengambil rute start Lubuk Basung  hingga finish di Ngarai Sianok. Sementara kategori Relay terdapat tiga titik start, yang bisa   ditempuh oleh tim. Garis start berada di Lubuk Basung ditempuh oleh tiga   orang pelari, lalu titik start berikutnya di Istana Pagaruyuang,   terakhir start di Kelok Sambilan ditempuh oleh 4 orang pelari. Untuk   garis finish, sama dengan kategori lainnya di Ngarai Sianok. Event ini diharapkan dapat meningkatkan kunjungan wisatawan ke   Sumatera Barat. Tahun ini menargetkan 8,5 juta pergerakan wisatawan   nusantara (wisnus) dan 58.447 kunjungan wisatawan mancanegara (wisman).",#Lomba Lari #Lari #Kementerian Pariwisata #Pariwisata Indonesia #olahraga lari,#Bekasi #Kota Bekasi #Balap Lari #Lomba Lari #viral #Artis Dermawan #Lomba Lari #Asmarani Dongku #Hotman Paris Hutapea #Lomba Lari #Disabilitas #Kodam Jaya #Lomba Lari #Lari #Kementerian Pariwisata #Pariwisata Indonesia #olahraga lari #Nabung Saham #Lomba Lari #Universitas Gajah Mada (UGM) #MNC Securities #jeep rubicon #Lomba Lari #video viral #viral #olahraga lari #Lomba Lari #Lari #Pantai Parangtritis #Lomba Lari #yogyakarta #tips turunkan berat badan #Lari #Jalan #Olahraga #Lari #Hamil Tua #viral wanita hamil tua lari #hamil tua lari #Pandemi Covid-19 #Olahraga #Lari #Jalan Kaki #mengatur pernapasan #pernapasan #kesehatan #Olahraga #Lari #olahraga lari #Olahraga #tips olahraga #Lari #Jogging #Manfaat Jogging #Manfaat Lari #Jogging #Lari #berolahraga #Olahraga #olahraga lari #Lari #Air Force Run 2019 #Lari #Sport Lain #Air Force Run 2019 #Lari #Olahraga #olahraga lari #Marathon #Pelari #Lari #Kemenparekraf #Kementerian Pariwisata #Wishnutama #Angela Tanoesoedibjo #Kabinet Indonesia Maju #Kementerian Pariwisata #Angela Tanoesoedibjo #Wakil Menteri Pariwisata dan Ekonomi Kreatif Angel #Wamenparekraf Angela Tanoesoedibjo #Tempat Bersejarah di Banten #Kementerian Pariwisata #Forum Bisnis Pariwisata #Menteri Pariwisata dan Ekonomi Kreatif #Menteri Pariwisata Wishnutama #Kementerian Pariwisata #Bekraf # Badan Ekonomi Kreatif (Bekraf) #Kementerian Pariwisata ##kemenpar #Kementerian Pariwisata #ASENSI ##kemenpar #Pariwisata Indonesia #wonderful indonesia #MNC Group #Menpar Arief Yahya #Kementerian Pariwisata #GTV #Travel Addict #Terminal Bandara Soetta #Kementerian Pariwisata ##kemenpar #wonderful indonesia #Kementerian Pariwisata #Program Co-Branding #Target Wisman #Wisman #Lomba Lari #Lari #Kementerian Pariwisata #Pariwisata Indonesia #olahraga lari #Pemulihan Pariwisata #Menparekraf Wishnutama #Kemenparekraf #Travel Insight with Google #pariwisata #Pariwisata Indonesia #Promosi Wisata #CHSE #Protokol CHSE #Sosialisasi CHSE #Protokol Kesehatan Wisata #Pariwisata Indonesia #Dana Hibah Pariwisata #Kemenparekraf #Pariwisata Indonesia #Hibah Pariwisata #Hotel dan Restoran #Menparekraf Wishnutama #CHSE #Kemenparekraf #Protokol CHSE #Sosialisasi CHSE #Pariwisata Indonesia #Sosialisasi CHSE #Protokol CHSE #CHSE #Pariwisata Indonesia #DPR #Sosialisasi CHSE #Kemenparekraf #Protokol CHSE #CHSE #Pariwisata Indonesia #Digitalisasi Museum #Wisata Museum #museum #Pariwisata Indonesia #MICE #Pariwisata Indonesia #kebangkitan pariwisata #Kemenparekraf #MICE Tourism #ICTM #Kemenparekraf #Pariwisata Indonesia #ICTM #Kemenparekraf #Pemulihan Pariwisata #Pariwisata Indonesia #manfaat olahraga #olahraga lari #Covid-19 #Imunitas #Pandemi Covid-19 #olahraga lari #Olahraga #tips olahraga #Lari #iOS #Android #olahraga lari #Olahraga #Aplikasi #cara menurunkan berat badan #Olahraga pandemi #Sepeda Lipat #Olahraga Sepeda #olahraga lari #berolahraga #Olahraga #Berlari #olahraga lari #tips menurunkan berat badan #Olahraga saat Cuaca Dingin #manfaat olahraga #tips olahraga #Olahraga Bakar Kalori #olahraga lari #Jogging #Gisella Anastasia #artis wfh #olahraga lari #Jaga Daya Tahan Tubuh #berolahraga #Olahraga #olahraga lari #Lari #olahraga lari #tips olahraga #Deddy corbuzier #Sepatu Olahraga #Sepatu Lari #Olahraga #olahraga lari #Marathon #Pelari #Lari
2019,okezone,https://lifestyle.okezone.com/read/2019/05/07/406/2052635/kemenpar-dorong-taman-nasional-komodo-jadi-destinasi-wisata-kelas-dunia,"JAKARTA ‚?? Kementerian Pariwisata (Kemenpar) terus mendorong pengelolaan konservasi berkelanjutan Taman Nasional (TN) Komodo agar bisa jadi tujuan ekowisata kelas dunia. Semangat itu sangat terlihat di acara Focus Group Discussion (FGD) Pengembangan Wisata Alam di TN Komodo dan Labuan Bajo yang digelar pada Selasa (7/5/2019).

 Menurut Ketua Tim Percepatan Pengembangan Ekowisata Kementerian Pariwisata David Makes,  wisata alam saat ini sudah sangat menjadi andalan untuk mendatangkan wisatawan mancanegara maupun wisatawan nusantara. Oleh karena itu, pariwisata berkelanjutan di Taman Nasional Komodo sangat penting untuk menjaga kunjungan Wisman ke Tanah Air.  ""Peningkatannya sangat fantastis, wisata alam tahun 2015 lalu menyumbang 1,8 juta wisatawan sekarang ditarget 1,5 juta pengunjung di tahun 2019 ini. Oleh karena itu FGD ini sangat penting untuk menciptakan pariwisata berkelanjutan dengan kerjasama semua pihak yang terkait dengan Taman Nasional Komodo,""kata David dalam sambutannya.

 Seperti diketahui, FGD keren ini diusung oleh Asdep Pengembangan Wisata Alam dan Buatan Deputi Bidang Pengembangan Industri dan Kelembagaan Kemenpar. ""Dari FGD ini saya berharap semua satu persepsi untuk mengembangkan pengembangan wisata alam di Taman Nasional Komodo dan Labuan Bajo. Mari kita kurangi perdebatan yang tidak bermanfaat, sudah seharusnya kita berpegangan tangan untuk kemajuan Taman Nasional Komodo dan Labuan Bajo. Kita harus sama bersinergitas dan harmonisasi,""kata David yang disambut tepuk tangan meriah para peserta.

 David membeberkan, praktik manajemen dan pedoman pembangunan pariwisata berkelanjutan dapat diaplikasikan ke semua bentuk aktifitas pariwisata di semua jenis destinasi wisata, termasuk pariwisata massal dan berbagai jenis kegiatan pariwisata lainnya.

 Prinsip-prinsip keberlanjutan mengacu pada aspek lingkungan, ekonomi, dan sosial-budaya dari suatu destinasi wisata. Untuk menjamin keberlanjutan jangka panjang, maka keseimbangan antar 3 dimensi tersebut harus dibangun dengan baik. ""Dan ini harus dilakukan dengan semangat Indonesia Incorporated,""katanya.

 Deputi Bidang Pengembangan Industri dan Kelembagaan Pariwisata Kemenpar, Ni Wayan Giri Adnyani mengucapkan terima kasih atas kehadiran para nara sumber dan peserta yang hadir di acara tersebut. Giri mengatakan bahwa  pihaknya mengadakan FGD ini dengan tema Penyatuan Persepsi Arah Pengembangan Wisata Alam di Taman Nasional Komodo dan Labuan Bajo untuk 5 (lima) Tahun Kedepan. ""Kita sudah sama-sama mengetahui jika pariwisata merupakan sektor unggulan Indonesia. Sektor yang mampu menjadi pengungkit perekonomian makro secara konkrit. Karena seperti yang selalu diungkapkan pak Menteri Pariwisata Arief Yahya semakin dilestarikan maka semakin menaejahterakan,""kata Giri.

 Sekadar informasi, Taman Nasional Komodo memiliki luas 173.300 hektare. Dari luas wilayah tersebut, terdapat 3 desa yang berada di dalam TN Komodo. Yaitu Desa Komodo, Pasir Panjang (Rinca), dan Papagarang.

 Lebih jauh Giri menyatakan, upaya untuk mengangkat destinasi TN Komodo dan Labuan Bajo butuh peran berbagai pihak. Antara lain komunitas lokal sebagai salah satu komponen penting dalam pengembangan pariwisata berkelanjutan

 ‚??Masyarakat lokal memegang peran penting dalam proses pengembangan pariwisata, baik dalam perencanaan maupun pengambilan keputusan. Komunitas lokal juga memiliki hak dan peluang untuk berpartisipasi dalam bisnis pariwisata. Misalnya akomodasi, kuliner, informasi, transportasi, fasilitas dan layanan,‚?ù kata Giri yang juga dibenarkan David.

 Menteri Pariwisata Arief Yahya menuturkan, dengan destinasi super prioritas seperti Taman Nasional Komodo dan Labuan Bajo, NTT bisa saja bertransformasi sebagai salah satu gerbang dan pusat pengembangan pariwisata nasional.

 Sejauh ini, NTT memiliki target utama wisatawan mancanegara, antara lain dari Singapura, Malaysia, dan Australia. Sementara untuk pasar unggulan meliputi wisatawan asal China, Jepang, Korea Selatan, Filipina, Taiwan, USA, UK, dan Perancis. Adapun pasar wisman potensial, ada India, Netherlands, Timur Tengah, Jerman, dan Russia. Sedangkan untuk pasar wisatawan nusantara, banyak berasal dari Jawa, Sumatera, Kalimantan, Sulawesi, dan NTB.

 ""Selamat melaksanakan FGD, silahkan terapkan semua arahan dan masukan para nara sumber. Kemenpar selalu berusaha menghadirkan nara sumber yang kompeten dalam setiap acara FGD di Deputi Bidang Pengembangan Industri dan Kelembagaan kami. Semangat Indonesia Incorporated sangat dibutuhkan untuk mengembangkan pariwisata Indonesia,""katanya.
                  
                                 (abp)",#Menpar Arief Yahya #Taman Nasional Komodo ##kemenpar,#Kementarian Pariwisata #Calendar of Event (CoE) #Arief Yahya #Menpar Arief Yahya #pariwisata #Menpar Arief Yahya ##kemenpar #Turis China #Paket Wisata #Pariwisata Indonesia #Arief Yahya #Menpar Arief Yahya #Industri Pariwisata #Presiden jokowi #jokowi #Menpar Arief Yahya #Arief Yahya #Menpar Arief Yahya ##kemenpar #MNC Group #Menpar Arief Yahya #Kementerian Pariwisata #GTV #Travel Addict #Festival Crossborder #Menpar Arief Yahya ##kemenpar #wisata religi #Menpar Arief Yahya ##kemenpar #Arief Yahya #Menpar Arief Yahya #Festival Budaya Minangkabau #Pariwisata Sumatera Barat #sumatera barat #Destinasi Digital #Menpar Arief Yahya ##kemenpar #Komodo #Pulau Komodo #Taman Nasional Komodo #Pembangunan Taman Nasional Komodo #Luhut Binsar Pandjaitan #Pembangunan Taman Nasional Komodo #Taman Nasional Komodo #Pulau Komodo #Komodo #Pulau Rinca Ditutup #Taman Nasional Komodo #Pulau Komodo #Pulau Rinca #Komodo #Labuan Bajo #Pulau Rinca #Institut Pertanian Bogor (IPB) #Taman Nasional Komodo #Komodo #Labuan Bajo #Pulau Rinca Tutup #Jurassic Park #Pulau Rinca #Taman Nasional Komodo #Nusa Tenggara Timur #Labuan Bajo #Pulau Rinca #Komodo #Taman Nasional Komodo #Nusa Tenggara Timur #Kunjungan Wisatawan #Wisata Labuan Bajo #Labuan Bajo #Taman Nasional Komodo #Nusa Tenggara Timur #Komodo #Wisata Pulau Komodo #Pulau Komodo #Taman Nasional Komodo #Ranger TN Komodo #Taman Nasional Komodo #Pulau Komodo #Komodo #Wisata Jakarta #Labuan Bajo #Pulau Rinca #Taman Nasional Komodo #Taman Margasatwa Ragunan #Komodo # rekomendasi Liburan # Di Indonesia Aja # Beternak Sambil Berwisata ##kemenpar #Pemulihan Ekonomi #Sektor Pariwisata ##kemenpar #PT Sarana Multigriya Finansial (SMF) #SMF # Di IndonesiaAja # Makanan Nusantara #Makanan Khas Indonesia ##kemenpar # Kain Tradisional Indonesia Memukau Dunia # Di Indonesia Aja ##kemenpar # Tempat Wisata Menarik di Bali # PariwisataBali # Di IndonesiaAja # PulauBali ##kemenpar #Protokol Kesehatan Traveling #Traveler yang Bertanggung Jawab #Traveling #DiIndonesiaAja ##kemenpar #Sumedang ##kemenpar #Kemenparekraf #HardFest Pesona Jatigede #destinasi wisata Jatigede #World Surfing League 2020  ##kemenpar #Kemenparekraf #Festival Pulau Penyengat 2020 ##kemenpar #Kemenparenkraf #Budaya Dayak ##kemenpar #Kemenparekraf
2019,okezone,https://lifestyle.okezone.com/read/2019/02/09/406/2015652/yuk-intip-5-keindahan-pulau-belitung-yang-menakjubkan,"SIAPA yang tak kenal dengan Belitung, pulau yang mengingatkan kita dengan film Laskar Pelangi. Belitung memiliki pantai dengan batu-batuan besar, beragam fenomena geologi, keragaman hayati dan keragaman budaya yang membuatnya menjadi salah satu Geopark Nasional.
 Geopark adalah kawasan yang memiliki unsur-unsur geologi, termasuk nilai arkeologi, ekologi dan budaya. Tak hanya itu masyarakat setempat pun diajak berperan serta untuk melindungi dan meningkatkan fungsi warisan alam.   Karena keindahannya, Geopark Nasional Pulau Belitung ini memiliki potensi yang bisa menghantarkan Belitung menjadi global Geopark UNESCO. Ya, saat ini Belitung memang sedang dipersiapkan menjadi kawasan wisata Geopark berskala internasional yang diakui UNESCO. Okezone telah merangkum dari berbagai sumber keindahan Pulau Belitung yang begitu menakjubkan sehingga layak menjadi kawasan wisata Geopark global yang diakui UNESCO. Penasaran seperti apa? Yuk simak ulasannya!
 Pantai Tanjung Kelayang
 
 Pantai Tanjung Kelayang menjadi salah satu tempat yang wajib kamu kunjungi jika datang ke Belitung. Pantai berpasir putih dengan air laut bewarna biru ini bakal membuat kamu lupa semua beban pikiran.
 Di sisi pantai juga terdapat batu-batuan besar yang bisa dijadikan spot untuk foto yang bagus. Tak lupa,di pesisir pantai juga disewakan perahu-perahu untuk menjelajahi pulau-pulau di sekitar pantai tersebut.
 Pulau Lengkuas
 
 Tak kalah dengan pantai Tanjung Kelayang, Pulau Lengkuas juga memiliki pemandangan yang bikin takjub. Pulau ini berada tidak jauh dari Pantai Tanjung Kelayang di Kecamatan Sijuk, Belitung. Di pulau ini kita juga dapat menemui banyak batu-batuan yang berukuran besar. Salah satu yang menjadi daya tarik dari pulau ini yakni terdapat mercusuar tua yang hingga saat ini masih beroperasi loh.
 Batu Garuda
 
 Pulau Belitung memang dikenal dengan batu-batuan yang berukuran raksasa. Salah satu yang menarik dari Belitung yakni Batu Garuda. Mengapa diberi nama Batu Garuda? Itu karena tumpukan batu-batu besar itu menyerupai Burung Garuda. Batu Garuda bisa kamu lihat dari pantai Tanjung Kelayang. Jika ingin melihatnya lebih dekat kamu bisa meminjam perahu yang disewakan di sana. Karena bentuknya yang unik, membuat orang-orang yang berlibur ke Belitung menjadikannya salah satu spot foto yang bagus.                  
                                       Dermaga Kirana  Belitung tak hanya menyajikan keindahanan pulau dan pantainya saja.  Karena ada dermaga yang sering dikunjungi para wisatawan yakni Dermaga  Kirana. Dermaga ini sering dijadikan spot foto, tak hanya itu di sini  juga terdapat rumah keong atau rumah rotan yang menambah ketertarikan  para wisatawan. Pulau Leebong  Jika di sebelumnya terdapat Pulau Lengkuas. Kali ini Belitung  memiliki pulau yang tak kalah indah dengan Pulau Lengkuas yakni Pulau  Leebong. Belitung seakan tak ada habisnya menyuguhkan  pemandangan-pemandangan yang menakjubkan, Pulau Leebong memiliki pasir  bewarna putih dengan laut biru yang tenang. Di sini juga terdapat gazebo  yang menambah daya tariknya. Baca Juga : Netizen Sebut Hanya Roy Kiyoshi yang Bisa Tenangkan Adi Saputra, si Perusak Motor Sendiri",#Kuliner Belitung #WIsata Pantai #Pariwisata Belitung #Pantai Belitung,#Kuliner Bangka Belitung #Kuliner Nusantara #Kuliner Belitung #Kuliner Belitung #Wisata Kuliner #Kafe Unik #Kuliner Belitung #WIsata Pantai #Pariwisata Belitung #Pantai Belitung #Pemprov Sulsel #makassar #Pantai Losari #pariwisata #WIsata Pantai #Pantai di Pacitan #WIsata Pantai #Pantai Pacitan #Raja Ampat ala Pacitan #Pantai Kasap #Tulungagung #Destinasi Pantai #Wisata bahari #WIsata Pantai #Wisata Tulungagung #Pantai Kondang Merak #Wisata Malang #Wisata bahari #Pantai di Malang #WIsata Pantai #Pariwisata Malang #Malang #Pantai Lampuuk #WIsata Pantai #Wisata bahari #Pariwisata Aceh #Wisata Aceh #aceh #WIsata Pantai #Wisata bahari #Pantai Anggar Sibolga #Wisata Sibolga #Pariwisata Sumut #Camping #Tips Traveling #Tips Liburan #Wisata Camping #WIsata Pantai #Pantai Tanjung Berikat #WIsata Pantai #Wisata Bangka #Wisata bahari #WIsata Pantai #Kafe Unik #Pariwisata Lampung #Wisata bahari #lampung #Pulau Lengkuas #Pariwisata Babel #WIsata Pantai #Wisata bahari #Destinasi Wisata di Belitung #Liburan Akhir Tahun #Seputar Libur Panjang #Wisata Belitung #Pariwisata Belitung #Pariwisata Belitung #Wisata Belitung #kebangkitan pariwisata #New Normal Pariwisata #Target Wisatawan  #Bangka belitung #Wisata Belitung #Pariwisata Belitung #Pulau Belitung #Kemenparekraf #Pulau Lengkuas #Pariwisata Belitung #Wisata Belitung #Belitung #Geopark Belitung #Wisata Belitung #Pariwisata Belitung #Kuliner Belitung #WIsata Pantai #Pariwisata Belitung #Pantai Belitung #Negeri Laskar Pelangi #Pantai Belitung #Pulau Belitung #Geopark Global UNESCO #Geopark Belitung #Kuliner Belitung #WIsata Pantai #Pariwisata Belitung #Pantai Belitung
2015,okezone,https://lifestyle.okezone.com/read/2015/12/22/406/1272681/ditetapkan-geopark-nasional-ciletuh-jadi-kawasan-wisata-seksi,"GEOPARK atau taman alam batuan tua di Ciletuh, Sukabumi, Jawa Barat,  akan ditetapkan sebagai geopark nasional oleh Kementerian ESDM pada hari  ini. Rencananya, sertifikat Geopark Nasional Ciletuh akan diberikan  siang ini.  ""Dari Kementerian ESDM nanti memberikan sertifikat Ciletuh sebagai  geopark nasional. Dari UNESCO juga akan ada yang hadir,"" kata Wakil  Gubernur Jawa Barat, Deddy Mizwar, di Gedung Sate, Kota Bandung, Selasa  (22/12/2015).  Setelah ditetapkan sebagai geopark nasional, Pemprov Jawa Barat akan  melakukan pembenahan di lokasi. Sehingga nantinya di sana akan jadi  kawasan wisata yang seksi untuk dikunjungi.  ""Jadi memang betul-betul geopark, taman bumi yang insya Allah juga bisa bermanfaat bagi warga,"" ungkapnya.  Deddy mengatakan, tidak semua daerah memiliki geopark. Karena itu, keberadaan Geopark Ciletuh harus benar-benar dimaksimalkan.
   Setelah ditetapkan jadi geopark nasional, Ciletuh akan ditata sedemikian  rupa. ""Kita perbaiki infrastruktur segala macam, mempromosikan. Jadi  betul-betul bisa jadi tempat rekreasi, edukasi, penelitian, pemberdayaan  ekonomi, dan lain-lain,"" tandas Deddy.  Geopark Ciletuh sendiri berlokasi di Ciomas, Kabupaten Sukabumi.  Lokasinya tidak begitu jauh dari Jakarta. Hanya butuh sekira tiga jam  dari Jakarta menuju lokasi.  Di lokasi terdapat hamparan batuan tua hasil proses sedimentasi jutaan  tahun lalu. Di sana juga terdapat 10 air terjun cantik dan berbagai  pemandangan indah lainnya. (jjs)",none,none
2015,okezone,https://lifestyle.okezone.com/read/2015/12/22/406/1273103/pengunjung-geopark-ciletuh-dibatasi,"GEOPARK atau taman alam batuan tua di Ciletuh, Jawa Barat resmi berstatus  geopark nasional. Untuk membuatnya indah, pengunjung dibatasi.
 Langkah ini diambil oleh Pemprov Jawa Barat  untuk menjadikan Geopark Ciletuh sebagai tempat wisata. Dalam saat  bersamaan, Geopark Ciletuh dijaga agar keindahannya tidak rusak.  Wakil Gubernur Jawa Barat, Deddy Mizwar, mengatakan salah satu cara  untuk menjaga kelestarian alam di lokasi adalah dengan mengatur jumlah  wisatawan yang datang ke lokasi.  ""Makanya diatur. Pengunjungnya harus dibatasi, enggak boleh sembarangan  biar enggak rusak,"" ujar Deddy di Gedung Sate, Kota Bandung, Selasa  (22/12/2015).  Jika pengunjung bebas datang ke lokasi, ia khawatir nantinya kelestarian  alam di sana akan rusak. Sebab tidak semua orang punya kesadaran untuk  menjaga kelestarian alam.  Agar pengaturan itu berjalan lancar, nantinya akan dibentuk lembaga  khusus untuk mengelola kedatangan wisatawan ke lokasi. Mereka berasal  dari masyarakat setempat dan berbagai pihak terkait.  ""Nanti juga di sana akan dibentuk untuk pemberdayaan (masyarakat) desa karena di sana melibatkan 15 desa kan,"" jelas Deddy.  (jjs)",none,none
2017,okezone,https://lifestyle.okezone.com/read/2017/01/04/406/1583320/dari-curug-hingga-pantai-ini-keindahan-yang-dapat-dieksplor-dari-geopark-ciletuh,"GEOPARK Ciletuh yang berada di Sukabumi, Jawa Barat, telah menjadi salah satu daya tarik wisata terpadu. Lokasi yang telah mendapat pengakuan dari UNESCO, PBB, ini memiliki berbagai bentuk keindahan alam, mulai dari curug hingga pantai.

 Dikutip dari video Seputar Indonesia, Kamis (5/1/2017), kawasan ini juga menyajikan panorama mulai pantai pasir putih hingga penyu raksasa di daerah Ujung Genteng.  Pantai Palangpang yang cukup tenang untuk dinikmati keluarga akan memanjakan diri untuk melepas lelah dan bagus untuk melihat sunrise juga sunset. Sebaliknya, di beberapa lokasi pantai lain, ada ombak besar yang cocok untuk dinikmati para pecinta olahraga selancar.

 Curug atau air terjun Cimarinjung hingga Sodong di lokasi berbeda juga bagus jika Anda mau menjelajahinya daerah bukit berundak. Sementara pilihan air terjun terakhir adalah Curug Awang yang juga sama indahnya. 
 (fid)",none,none
2017,okezone,https://lifestyle.okezone.com/read/2017/06/12/406/1714026/backpacker-diary-menjamah-geopark-ciletuh-menikmati-keindahannya-yang-tiada-tara,"ALAM selalu mempunyai keistimewaannya yang tidak akan mampu ditandingi dengan apapun. Keindahan yang menyelimuti terkadang membuat manusia yang menyaksikan seakan berada dalam surga dan melupakan sejenak masalah hidup.

 Backpacker diary kali ini menceritakan kisah perjalanan yang dilakukan oleh komunitas Backpacker Jakarta di Geopark Ciletuh Pelabuhanratu. Mereka yang beruntung karena berkesempatan meng-eksplor alam Pelabuhanratu yang memiliki sejuta keindahan yang tak tertandingi apapun.  Dalam laman resmi Geopark Ciletuh Pelabuhan Ratu, Senin (12/6/2017), Ciletuh terletak di Kecamatan Ciemas, Kabupaten Sukabumi, di ujung baratdaya Jawa Barat, dan berjarak sekira 30 kilometer di sebelah selatan baratdaya Pelabuhanratu setelah melintasi Teluk Pelabuhanratu.

 Daerah ini dinamai geopark karena menurut penelitian, di sini merupakan kawasan dengan batuan tertua yang ada di Pulau Jawa. Nyampe juga disini???
 Sebuah kiriman dibagikan oleh winda dwi hospitasari (@winda.dwi.hospitasari) pada Peb 17, 2017 pada 3:00 PST
 Kembali pada perjalan yang dilakukan oleh para anggota komunitas Backpacker Jakarta. Pada awal perjalanan, mereka menjamah Curug Awang, yang merupakan salah satu air terjun terbesar di geopark tersebut. Salah satu sisi air terjun terdapat curahan air yang lebih besar dari pada curahan air yang lain.

 Air mengalir deras dari atas tebing yang mereka pijak. Di bawah mereka terhampar sungai yang banyak terdapat batu-batu kali besar dan rimbun dengan pepohonan di sisi kanan dan kirinya.

 Pesona keindahan alam sekitar geoprak juga didukung oleh area persawahan yang menggunakan sistem terasering, yaitu tingkatan-tingkatan pada sawah yang berguna untuk mencegah erosi. Sistem pertanian ini membuat pemandangan semakin memanjakan mata Anda.

 Untuk beralih ke spot lainnya, komunitas Backpacker Jakarta (BPJ) harus melewati derasnya arus sungai dengan batu-batu besar, dan jalan setapak yang kanan-kirinya rimbun akan pepohonan bahkan ada pohon yang melintang di tengah jalan, sehingga memaksa anggota komunitas BPJ menundukkan kepala.

 Suasana alam geopark masih sangat alami, bisa dilihat dari medan yang harus mereka lalui demi melihat dan menikmati spot lainnya selain curug Awang.

 Spot selanjutnya ialah Curug Cikanteh. Curug ini tidak selebar dan sebesar curug sebelumnya. Tapi tidak kalah eksotis. Curug Cikanteh memiliki dua pancuran berbeda. Satu pancuran pertama berukuran lebih tinggi dari yang satunya, dan berdiri sendiri.

 Sedangkan, pancuran yang berada lebih pendek dan di bawah pancuran pertama, berukuran lebih kecil, namun lebih lebar, sesuai dengan tebing yang dilintasi air terjun tersebut. Di curug ini mereka menikmatinya dengan bermain air dan merasakan derasnya pancuran air di curug kedua.

 Curug yang ketiga setelah itu adalah Curug Sodong. Ya, Curug Sodong memiliki dua pancuran yang hampir sama besarnya. Suara air dan pepohonan yang rimbun menyejukkan pandangan mata Anda dan menghilangkan segala beban pikiran.

 Curug lainnya yang ada di kawasan geopark ialah Curug Cimarinjung. Di curug ini Anda akan dibuat takjub bukan kepalang, karena tebing yang begitu besar dan terkesan megah.

 Di atas Puncak Darma, panorama alam Geopark Ciletuh sangat fantastis. Pantai Palangpang terlihat sempurna dari atas, dan menyadarkan kita semua betapa tidak ada yang bisa menandingi lukisan cipataan Tuhan Yang Maha Esa ini.

 
 (fid)",#Tempat Wisata #Backpacker Diary #Geopark Ciletuh,#Pemprov DKI Jakarta #Tempat Wisata #Covid-19 #Tahun Baru 2021 #Natal dan Tahun Baru 2021 #Gunung Bromo #Puncak Seruni #wisata baru #Tempat Wisata #Viral Travel #jawa tengah #Traveling #Tempat Wisata #Highend #objek wisata malang #Malang #wisata di malang #Tempat Wisata #Destinasi Wisata #Tempat Wisata #DiIndonesiaAja #Kementerian Pariwisata dan Ekonomi Kreatif #Tempat Wisata #Pariwisata Indonesia #pariwisata raja ampat #Raja Ampat #Travelling #Lumba-Lumba #Taman Safari #Tempat Wisata #Wisata Yogyakarta #Tempat Wisata #olahraga berkuda #Berkuda #yogyakarta #Pariwisata Indonesia #Tempat Wisata #Pariwisata Yogyakarta #Solo #Tempat Wisata #Pariwisata Indonesia #Pura Mangkunegaran #Libur Akhir Tahun #Wisata Geopark Ciletuh #Geopark Ciletuh #wisata alam #Wisata Sukabumi #sukabumi #Geopark Global UNESCO #Jawa Barat #Wisata Geopark Ciletuh #pelabuhan ratu #Geopark Ciletuh #Geopark Global UNESCO #Jawa Barat #pelabuhan ratu #Geopark Ciletuh #Wisata Geopark Ciletuh #Kemenparekraf #Geopark Ciletuh #Palabuhan Ratu #Wisata Geopark Ciletuh #Pariwisata Sukabumi #Wisata Air Terjun #Air Terjun di Sukabumi #Curug di Sukabumi #Geopark Ciletuh #Curug Cikanteh #Pantai Palangpang #WIsata Pantai #Geopark Ciletuh #Wisata bahari #new normal #pariwisata new normal #ciletuh #Geopark Ciletuh #Geopark #Liburan Artis #Seksi Berbikini #Wisata geopark #Geopark Ciletuh #Wulan Guritno
2018,okezone,https://lifestyle.okezone.com/read/2018/04/18/406/1888337/keren-geopark-ciletuh-dapat-predikat-ugg-dari-unesco,"JAKARTA - Geopark Ciletuh, Palabuhanratu, resmi mendapatkan predikat sebagai Unesco Global Geopark (UGG). Selain Ciletuh, Unesco juga mengesahkan 12 geopark dari 11 negara sebagai UGG. Pengesahan disampaikan dalam sidang Executive Board Unesco ke-204, Komisi Programme and External Relations, Kamis (12/4/2018) di Paris, Perancis.

 ""13 usulan tersebut diterima tanpa perdebatan. Artinya, semua negara menyetujui kawasan Ciletuh, Palabuhanratu, sebagai UGG,"" ujar Dana Budiman, General Manager Badan Pengelola Geopark Ciletuh-Palabuhanratu.  Bukan tanpa alasan Ciletuh mendapat pengakuan dunia. Faktanya, Geopark Ciletuh memang sangat oke. Modalnya sudah sangat kuat. Pada awal Agustus 2017, Geopark ini sudah dinilai tim UNESCO.  Predikat ini tentunya membawa Ciletuh menjadi destinasi wisata dunia.

 (Baca Juga: 6 Tokoh Paling Misterius Sepanjang Sejarah Manusia) ‚??Potensinya juga sangat besar. Keindahan alamnya lengkap. Ada landscape, gunung, air terjun, sawah, ladang, dan berujung di muara sungai ke laut. Karena itu harus cepat dikembangkan, agar bisa menghidupkan ekonomi masyarakatnya,‚?ù ujar Dana.

 Geopark Ciletuh juga dikelilingi hamparan alluvial dengan batuan unik dan pemandangan yang indah. Selain itu, ada juga punya pantai yang keren.

 Menariknya, Geopark Ciletuh juga punya ombak yang disukai surfer-surfer dunia. Tengok saja Pantai Cimaja. Pantai itu sering terpilih sebagai lokasi lomba Surfing berskala internasional,

 Banyak hal yang dilakukan pemerintah untuk menjadikan Ciletuh sebagai kawasan terpadu. Misalnya seperti pemberdayaan masyarakat lokal, pengembangan desa binaan, pengembangan geowisata, pengembangan homestay, dan sebagainya.

 (Baca Juga: 5 Manusia dengan Ukuran Anggota Tubuh Langka, Salah Satunya Jari Terbesar di Dunia)
 Tak hanya dapat mempelajari adat dan budayanya saja,  di Geopark Ciletuh wisatawan juga bisa menikmati beragam objek wisata eksotis. Mulai dari keindahan air terjun Awang, Taman Purba, bukit Panenjioan, dan masih banyak lagi yang lainnya.

 Di kawasan seluas 126.100 hektare atau 126,1 km persegi tersebut, terdapat banyak destinasi wisata kelas dunia. Luas Geopark meliputi 8 Kecamatan mulai dari Cisolok (Pantai Cimaja) sampai dengan Ujunggenteng (Ciemas). Namun, masih banyak pekerjaan rumah yang harus dikerjakan pemerintah dan masyarakat setempat untuk menjadikannya semakin baik, serta dikenal dunia.

 Menteri Pariwisata Arief Yahya dari awal sudah yakin Geopark Ciletuh akan ditetapkan sebagai Unesco Global Geopark (UGG).

 ‚??Rumus destinasi kelas dunia adalah attraction, access, dan tourism resource. Saya lihat Geopark Ciletuh-Palabuhanratu sudah memiliki itu dan kita harapkan akan menjadi UGG,‚?ù katanya.

 Tiga unsur yang harus dipenuhi agar menjadi UGG yaitu geodiversity, biodiversity, dan culture diversity, semua sudah ada di geopark ini. ‚??Saya lihat sudah ada semua di sini. Saya sudah melihat dan menikmati Ujung Genteng. Sungguh  luar biasa. Ini kepingan surga karunia Tuhan,‚?ù ujar Menteri Pariwisata Arief Yahya.                  
                                 (ris)",#Wisata geopark #UNESCO #Geopark Ciletuh,#Wisata geopark #Danau Toba #Pariwisata Sumut #Wisata Sumut #pariwisata new normal #wisata new normal #wisata alam #Geopark #Wisata geopark #pariwisata new normal #wisata new normal #wisata alam #Wisata geopark #Geopark #Liburan Artis #Seksi Berbikini #Wisata geopark #Geopark Ciletuh #Wulan Guritno #Wisata geopark #Geopark #Natuna #PT Antam Tbk #Wisata geopark #antam #UNESCO #Noken Papua #Tas Noken #Noken #Filosofi Noken #UNESCO #Gunung Merbabu #Gunung Merapi #Karimunjawa #Taman Nasional Bunaken #Cagar Biosfer #UNESCO #Batik Warisan Budaya #Batik Nusantara #Sejarah Batik #Batik #Hari Batik Nasional #Geopark #UNESCO #Geopark Maros Pangkep didorong masuk UNESCO #Geopark Maros Pangkep #UNESCO #Turki #Hagia Sophia Jadi Masjid #hagia sophia #UNESCO #Recep Tayyip Erdogan #Turki #hagia sophia #Hagia Sophia Jadi Masjid #UNESCO #yunani #Turki #Hagia Sofia Turki #Situs Warisan Dunia UNESCO #masjid di Afrika #masjid-masjid megah #Masjid Unik #UNESCO #Masjid Djenne #Warisan Budaya #UNESCO #Budaya Arab #Seni Kaligrafi #kaligrafi arab #Kementerian PUPR #UNESCO #Perkotaan #Semarang #Kota Lama Semarang #Libur Akhir Tahun #Wisata Geopark Ciletuh #Geopark Ciletuh #wisata alam #Wisata Sukabumi #sukabumi #Geopark Global UNESCO #Jawa Barat #Wisata Geopark Ciletuh #pelabuhan ratu #Geopark Ciletuh #Geopark Global UNESCO #Jawa Barat #pelabuhan ratu #Geopark Ciletuh #Wisata Geopark Ciletuh #Kemenparekraf #Geopark Ciletuh #Palabuhan Ratu #Wisata Geopark Ciletuh #Pariwisata Sukabumi #Wisata Air Terjun #Air Terjun di Sukabumi #Curug di Sukabumi #Geopark Ciletuh #Curug Cikanteh #Pantai Palangpang #WIsata Pantai #Geopark Ciletuh #Wisata bahari #new normal #pariwisata new normal #ciletuh #Geopark Ciletuh #Geopark #Liburan Artis #Seksi Berbikini #Wisata geopark #Geopark Ciletuh #Wulan Guritno
2018,okezone,https://news.okezone.com/read/2018/06/25/525/1913900/video-diduga-penampakan-di-geopark-ciletuh-hebohkan-warganet,"BOGOR - Warganet dihebohkan dengan video viral yang diduga penampakan di kawasan Geopark Ciletuh, Kabupaten Sukabumi, Jawa Barat.
 Video berdurasi sekira 1 menit itu diunggah oleh pengguna akun Facebook bernama Yuni Yulianti pada Minggu 24 Juni 2018. Di menit-menit awal, terlihat gambar tersebut diambil dari atas sepeda motor dengan pemandangan laut yang indah.

  Kemudian, motor itu terus berjalan menurun dengan kondisi yang lengang. Sebelum mencapai tikungan, dari kejauhan terlihat beberapa orang sedang berdiri di tepi jalan sambil menghadap ke arah lautan.
 Setelah semakin dekat, terlihat sesosok diduga penampakan di sekitar gerombolan tersebut. Sosok itu terlihat samar dengan posisi lebih rendah dari orang di sekitarnya dan seperti berambut panjang. Belum diketahui pasti sosok aneh dalam video. Sang pengunggah pun tidak merinci apa yang ada di dalam video. Ia hanya menulis keterangan ""Coba perhatikan .. Ada yg aneh ga di jalan yg mw ke ciletuh???""
 
 Kini, video tersebut sudah ditonton lebih dari 1.200 orang pengguna Facebook dan mendapat berbagai komentar mulai yang seram hingga guyonan.
 ""Awas jangan bilang itu penampakan wanita hamil yang meninggal satu tahun yg lalu di situ ya..upp,"" tulis akun Facebook, Boby Mizbah.
 ""Uni inimah orang ini paje baju putih celana jeans mungkin capek jalannya mudun jadi lempangnya bagi nagog sambil jalan lihat kearah pantai sambil ngarumbay rumbay rambutnya coba ngiluan karma uni tanyaken ka Roy kiyoshi""Jangan2 helcurt (emot tertawa),"" analisa Zenal Hakim.           (qlh)",#Geopark Ciletuh #penampakan #Medsos #viral,#Libur Akhir Tahun #Wisata Geopark Ciletuh #Geopark Ciletuh #wisata alam #Wisata Sukabumi #sukabumi #Geopark Global UNESCO #Jawa Barat #Wisata Geopark Ciletuh #pelabuhan ratu #Geopark Ciletuh #Geopark Global UNESCO #Jawa Barat #pelabuhan ratu #Geopark Ciletuh #Wisata Geopark Ciletuh #Kemenparekraf #Geopark Ciletuh #Palabuhan Ratu #Wisata Geopark Ciletuh #Pariwisata Sukabumi #Wisata Air Terjun #Air Terjun di Sukabumi #Curug di Sukabumi #Geopark Ciletuh #Curug Cikanteh #Pantai Palangpang #WIsata Pantai #Geopark Ciletuh #Wisata bahari #new normal #pariwisata new normal #ciletuh #Geopark Ciletuh #Geopark #Liburan Artis #Seksi Berbikini #Wisata geopark #Geopark Ciletuh #Wulan Guritno #Robert Pattinson #penampakan #batman #The Batman #Viral di Media Sosial #Penampakan Hantu #penampakan #viral #Bayi Setan #penampakan #Queen #Freddie Mercury #Kisah Hantu #Kamis Mistis #penampakan #penampakan #Kamis Mistis #Hantu #Kamis Mistis #Penampakan Hantu #penampakan #Google Maps #penampakan #viral #Anang Hermansyah #Kuntilanak #Pocong #penampakan #Magrib #Jari Jemari #share berita #Rehat Media Sosial #Medsos #Medsos #Influencer #remaja #Anak-Anak #Judi #Medsos #Sosmed # Peer Pressure di Sosial Media #Ernest Prakasa #Medsos #Anak-Anak #Inggris #Emoji #Kate Middleton #Sulawesi Selatan #Polres Pelabuhan Makassar #Medsos #Seragam Polisi #Hadi Tjahjanto #tni #Separatisme #Medsos #Perceraian #Medsos #pembunuhan ##pasangan #Medsos #peduli medsos #pasangan lebih peduli medsos #Kampanye Pilkada 2020 #Medsos #Pilkada 2020 #Bawaslu RI #kampanye hitam #Medsos #Polda Jambi #Pilkada 2020 #serangan ular #Ular tanpa kepala #ular #viral #Jakarta Pusat #Jalan Gatot Subroto #viral #ranjau paku #Satwa #kapolres pelalawan #Hewan Dilindungi #satwa dilindungi #Pelalawan Riau #viral #jokowi #Mobil RI 1 #Viral di Medsos #viral #media sosial #viral #KRL Jabodetabek #Pelecehan Seksual #KRL #viral #Ernie #Tante Ernie #Tante Ernie Foto Bareng Duo Kakek Legend  #viral #NCT #Jungwoo NCT #Idol K-Pop #Idol Merokok #Kucing #viral #Kucing Mengasuh Bayi #Viral Kucing Mengasuh Bayi #menanti anak 21 tahun #viral #anak # Pasangan Dikaruniai Anak Setelah Menanti Selama 2 #lalu lintas #pelanggaran lalu lintas #polri #viral #Balap Liar
2018,okezone,https://news.okezone.com/read/2018/10/13/1/1963540/upacara-adat-syukur-bumi-awali-festival-geopark-ciletuh-2018,"SUKABUMI ‚?? Upacara adat Syukur Bumi mengawali Festival Geopark Ciletuh, Jumat 12 Oktober 2018. Kegiatan ini dilangsungkan di Kampung Adat Kasepuhan Sinar Resmi, Palabuhanratu, Jawa Barat. Festival Geopark Ciletuh sendiri akan resmi dibuka, Sabtu (13/10/2018), di Geopark Ciletuh, Sukabumi.
 Upacara Adat Syukur Bumi, dihadiri Kepala Dinas Pariwisata Kabupaten Sukabumi, Dana Budiman dan Kepala Dinas Pariwisata Provinsi Jawa Barat Ida Harnida. Dana Budiman mengatakan, Upacara Adat Syukur Bumi kental dengan budaya khas Sunda.

  ‚??Sengaja kita memilih Kampung Adat Kasepuhan Sinar Resmi karena kita ingin memperkenalkan kebudayaan Sunda dari akarnya. Kita ingin agar budaya Sunda bisa naik ke permukaan. Termasuk Kampung Adat Sinar Resmi ini,‚?ù papar Dana yang hadir dengan pakaian khas Sunda.
 Menurutnya, kegiatan ini menjadi pembuka dari rangkaian Festival Geopark Ciletuh. ‚??Festival itu ada beberapa rangkaian. Tapi kita mulai dari upacara adat. Tujuannya untuk mendoakan agar seluruh rangkaian kegiatan bisa berlangsung dengan lancar hingga selesai nanti,‚?ù paparnya. Sedangkan Ketua Adat Kasepuhan Sinar Resmi Abah Asep Nugraha, yang diwakilkan salah seorang anaknya, Gia, mengatakan Upacara Syukur Bumi adalah bentuk ungkapan syukur atas karunia dan keberkahan yang didapat warga Sinar Resmi.
 ‚??Ini adalah ungkapan syukur atas apa yang kita dapat selama ini. Khususnya umtuk hasil bumi. Selain itu, upacara juga digelar agar seluruh rangkaian kegiatan dapat berjalan dengan lancar, dan tanpa kurang satu apa pun,‚?ù papar Gia.
 Asisten Deputi Bidamg Pengembangan Pemasaran I Regional II, Sumarni mengaku senang Festival Geopark Ciletuh bisa mengakomodir kebudayaan lokal. ‚??Hal itu sangat dibutuhkan. Karena salah satu kekuatan pariwisata adalah budaya. Dan banyak wisatawan mancanegara datang ke suatu daerah atau destinasi untuk menikmati kebudayaan lokal. Seperti yang disajikan dalam rangkaian Festival Geopark Ciletuh ini,‚?ù paparnya.
 Hal senada disampaikan Kabid Pemasaran Area I Kementerian Pariwisata, Wawan Gunawan. Menurutnya, Festival Geopark Ciletuh mampu menjaga kelestarian budaya Sunda.
 ‚??Ini event yang sangat menarik. Karena, rangkaian kegiatannya diawali oleh upacara adat. Jadi. Sejak awal budaya Sunda benar-benar diperkenalkan. Karenanya, value Festival Geopark Ciletuh ini akan luar biasa,‚?ù paparnya.
 Sementara, Menteri Pariwisata (Menpar), Arief Yahya mengatakan ada beberapa alasan yang membuat Festival Geopark Ciletuh menarik. Dan tentunya menjadi sangat layak untuk disaksikan.
 ‚??Pertama adalah venuenya, yaitu Geopark Ciletuh. Ini lokasi yang luar biasa. Punya nilai sejarah tinggi dan sangat eksotik. Dan venue ini akan dibalut dengan atraksi budaya khas Sunda yang sangat indah. Perpaduan dua hal ini, membuat festival menjadi memiliki nilai jual,‚?ù terang Menpar.           (put)",##kemenpar #Arief Yahya ##kemenpar #Festival Geopark Ciletuh 2018,# rekomendasi Liburan # Di Indonesia Aja # Beternak Sambil Berwisata ##kemenpar #Pemulihan Ekonomi #Sektor Pariwisata ##kemenpar #PT Sarana Multigriya Finansial (SMF) #SMF # Di IndonesiaAja # Makanan Nusantara #Makanan Khas Indonesia ##kemenpar # Kain Tradisional Indonesia Memukau Dunia # Di Indonesia Aja ##kemenpar # Tempat Wisata Menarik di Bali # PariwisataBali # Di IndonesiaAja # PulauBali ##kemenpar #Protokol Kesehatan Traveling #Traveler yang Bertanggung Jawab #Traveling #DiIndonesiaAja ##kemenpar #Sumedang ##kemenpar #Kemenparekraf #HardFest Pesona Jatigede #destinasi wisata Jatigede #World Surfing League 2020  ##kemenpar #Kemenparekraf #Festival Pulau Penyengat 2020 ##kemenpar #Kemenparenkraf #Budaya Dayak ##kemenpar #Kemenparekraf #Arief Yahya #Kemenparekraf #Kemenparekraf #Menparekraf #Menpar Wishnutama #Wishnutama #Arief Yahya #Kabinet Kerja Jokowi-Maruf Amin #Wishnutama Menteri #Menteri Pariwisata Wishnutama #Menteri Pariwisata Arief Yahya #Arief Yahya #Arief Yahya #Devisa #Menpar #Menteri Pariwisata dan Ekonomi Kreatif #Wishnutama #Kementarian Pariwisata #Calendar of Event (CoE) #Arief Yahya #Menpar Arief Yahya #pariwisata #Turis China #Paket Wisata #Pariwisata Indonesia #Arief Yahya #Menpar Arief Yahya #Industri Pariwisata #Presiden jokowi #jokowi #Menpar Arief Yahya #Arief Yahya #Arief Yahya #Pariwisata Indonesia #pariwisata #Pusat Informasi Pariwisata #Arief Yahya #APWI #Traveler Milenial #Pariwisata Indonesia #Destinasi Wisata #Menteri Pariwisata #Arief Yahya #Festival Budaya #Festival Tanjung Lesung #Tanjung lesung # rekomendasi Liburan # Di Indonesia Aja # Beternak Sambil Berwisata ##kemenpar #Pemulihan Ekonomi #Sektor Pariwisata ##kemenpar #PT Sarana Multigriya Finansial (SMF) #SMF # Di IndonesiaAja # Makanan Nusantara #Makanan Khas Indonesia ##kemenpar # Kain Tradisional Indonesia Memukau Dunia # Di Indonesia Aja ##kemenpar # Tempat Wisata Menarik di Bali # PariwisataBali # Di IndonesiaAja # PulauBali ##kemenpar #Protokol Kesehatan Traveling #Traveler yang Bertanggung Jawab #Traveling #DiIndonesiaAja ##kemenpar #Sumedang ##kemenpar #Kemenparekraf #HardFest Pesona Jatigede #destinasi wisata Jatigede #World Surfing League 2020  ##kemenpar #Kemenparekraf #Festival Pulau Penyengat 2020 ##kemenpar #Kemenparenkraf #Budaya Dayak ##kemenpar #Kemenparekraf
2018,okezone,https://lifestyle.okezone.com/read/2018/10/14/12/1963805/rekor-dunia-tercipta-di-pembukaan-festival-geopark-ciletuh-2018,"PELABUHANRATU ‚?? Kemeriahan tercipta di pembukaan Festival Geopark Ciletuh 2018. Pemicunya adalah pemecahan rekor dunia Tari Jipeng terbanyak. Tercatat  5853 penari ambil bagian dalam pemecahan rekor dunia versi Record Holder Republic (RHR). Tari Jipeng dengan peserta terbanyak ini tercatat dalam kategori art and culture RHR.
 Pengumuman rekor baru dunia ini disampaikan Vice President RHR Lia Mutisari di Lapangan Paninjoan, Geopark Ciletuh, Sukabumi. Awalnya, RHR mencatat jumlah peserta sebanyak 5113 peserta. Namun junlah itu bertambah saat para penari mulai beraksi.  ‚??Jumlah bertambah karena saat para penari mulai beraksi, warga dan pengunjung ikutan menari. Karena mereka menari aktif sampai selesai, kita menyertakan mereka semua menjadi bagian dari peserta pemecah rekor,‚?ù katanya.
 Para peserta ini membawakan Tari Jipeng selama 10 menit. Peserta pemecah rekor ini terdiri dari beragam latar belakang. Ada pelajar, mahasiswa, hingga ke pejabat pemerintahan. Bupati Sukabumi Marwan Hamami, Kepala Dinas Pariwisata Provinsi Jawa Barat Ida Hernida, Wakil Menteri Sekretaris Kabinet Ratin Nurdianti, Kepala Dinas Pariwisata Kabupaten Sukabumi H Dana Budiman, juga tercatat sebagai peserta pemecah rekor. Menurut Deputi Bidang Pengembangan Destinasi Pariwisata Kementerian Pariwisata Dadang Rizki Ratman, Geopark Ciletuh sangat luar biasa.
 ‚??Ini geopark yang luar biasa dan telah masuk dalam 100 Calendar of Event Kementerian Pariwisata. Dan mudah-mudahan bisa masuk kembali ke Calendar of Event 2019. Tapi saya yakin bisa, karena yang sidah ditampilkan luar biasa,‚?ù kata Dadang yang hadir mewakili Menteri Pariwisata.
 Dijelaskan Dadang, ada beberapa alasan mengapa festival ini masuk dalam Calendar od Event Kementerian Pariwisata. ‚??Yang pertama adalah statusnya. Ciletuh sudah ditetapkan sebagai UNESCO Global Geopark. Yang artinya nilainya sangat tinggi,‚?ù terangnya.
 Yang kedua adalah budaya Sunda yang disajikan. Festival Geopark Ciletuh sangat kental dengan budaya Sunda. Sebelum pembukaan hingga pemecahan rekor Tari Jipeng, nuansa Sunda ditampilkan dengan ciamik. ‚??Kekayaan ini tidak terbantahkan. Dan inilah yang membuat Festival Geopark Ciletuh masuk CoE,‚?ù tutur Dadang.
 
 Sedangkan Kepala Dinas Pariwisata Provinsi Jawa Barat Ida Hernida, mengatakan tahun ini Festival Geopark Ciletuh lebih banyak menyajikan wisata adventure. ‚??Kegiatannya sangat padat. Karena ada 12 event yang digelar. Sebagian besar adalah event adventure. Dan ini sekaligus memperkenalkan dan memperlihatkan keindahan Ciletuh kepada pengunjung,‚?ù papar Ida.
 Asisten Deputi Bidang Pengembangan Pemasaran I Regional II Kemenpar Sumarni, berharap Festival Geopark Ciletuh bisa memberikan atraksi yang lebih baik lagi untuk meningkatkan kunjungan wisatawan. ‚??Dengan modal yang luar biasa, festival ini harus terus ditingkatkan agar bisa menarik wisatawan mancanegara. Atraksi yang disajikan juga harus lebih luar biasa lagi,‚?ù paparnya.
 Hal senada disampaikan Kabid Pemasaran Area I Kementerian Pariwisata Wawan Gunawan. ‚??Dalam festival ini, kekayaan budaya Sunda disajikan dengan masif. Namun saya yakin bisa lebih baik lagi. Sehingga bisa menjadi atraksi utama di Jawa Barat, dan menjadi pilihan wisatawan,‚?ù katanya.
 Menteri Pariwisata Arief Yahya, menyambut baik pemecahan rekor ini. Menurut Menpar, Pemecahan rekor ini mempunyai nilai yang luar biasa. ‚??Rekor budaya ini diciptakan di lokasi yang reputasinya sudah mendunia. Yang artinya, nilai dari event ini ikut terdongkrak,‚?ù paparnya.
 (hth)",#Festival Geopark Ciletuh 2018 #Arief Yahya ##kemenpar,#Arief Yahya #Kemenparekraf #Kemenparekraf #Menparekraf #Menpar Wishnutama #Wishnutama #Arief Yahya #Kabinet Kerja Jokowi-Maruf Amin #Wishnutama Menteri #Menteri Pariwisata Wishnutama #Menteri Pariwisata Arief Yahya #Arief Yahya #Arief Yahya #Devisa #Menpar #Menteri Pariwisata dan Ekonomi Kreatif #Wishnutama #Kementarian Pariwisata #Calendar of Event (CoE) #Arief Yahya #Menpar Arief Yahya #pariwisata #Turis China #Paket Wisata #Pariwisata Indonesia #Arief Yahya #Menpar Arief Yahya #Industri Pariwisata #Presiden jokowi #jokowi #Menpar Arief Yahya #Arief Yahya #Arief Yahya #Pariwisata Indonesia #pariwisata #Pusat Informasi Pariwisata #Arief Yahya #APWI #Traveler Milenial #Pariwisata Indonesia #Destinasi Wisata #Menteri Pariwisata #Arief Yahya #Festival Budaya #Festival Tanjung Lesung #Tanjung lesung # rekomendasi Liburan # Di Indonesia Aja # Beternak Sambil Berwisata ##kemenpar #Pemulihan Ekonomi #Sektor Pariwisata ##kemenpar #PT Sarana Multigriya Finansial (SMF) #SMF # Di IndonesiaAja # Makanan Nusantara #Makanan Khas Indonesia ##kemenpar # Kain Tradisional Indonesia Memukau Dunia # Di Indonesia Aja ##kemenpar # Tempat Wisata Menarik di Bali # PariwisataBali # Di IndonesiaAja # PulauBali ##kemenpar #Protokol Kesehatan Traveling #Traveler yang Bertanggung Jawab #Traveling #DiIndonesiaAja ##kemenpar #Sumedang ##kemenpar #Kemenparekraf #HardFest Pesona Jatigede #destinasi wisata Jatigede #World Surfing League 2020  ##kemenpar #Kemenparekraf #Festival Pulau Penyengat 2020 ##kemenpar #Kemenparenkraf #Budaya Dayak ##kemenpar #Kemenparekraf
2018,okezone,https://lifestyle.okezone.com/read/2018/12/08/406/1988435/bertualang-ke-geopark-ciletuh-tak-lengkap-tanpa-6-spot-ini,"TEMPAT wisata di Sukabumi semakin bertambah, setelah Pelabuhan Ratu kini Geopark Ciletuh yang mulai digandrungi anak muda. Lokasi wisata yang terletak di Kecamatan Ciemas ini menyajikan pemandangan alami mulai dari pantai, air terjun, persawahan, dan bukit cantik yang menghadap langsung ke samudera.

 Wisata yang ditetapkan UNESCO Global Geopark (UGG) ini, kini menjadi buruan banyak pelancong dari berbagai daerah. Belum lama ini, Geopark Ciletuh pun menduduki peringkat ketiga sebagai wisata baru terpopuler pada Anugerah Pariwisata Indonesia.  Luasnya yang mencapai puluhan ribu hektar membuat Geopark Ciletuh tak cukup dijelajahi dalam waktu satu hari. Nah, untuk Anda yang waktu liburannya singkat, Anda bisa berkunjung ke objek wisata di Geopark Ciletuh yang populer berikut ini, yang dilansir Okezone dari berbagai sumber.
 Baca Juga:   Gaya Aduhai Intan Hardja yang Ngaku Berhubungan Seks dalam Mobil dengan Brondong  
 Pantai Palangpang 
 Pantai Palangpang bisa dikatakan sebagai titik awal penjelajahan Geopark Ciletuh. Pantai dengan deburan ombak yang tenang dan hamparan pasir yang luas, membuat Anda bisa meluruskan kaki sembari melepas lelah di sini.

 Di pantai ini juga terdapat sejumlah bale untuk bersantai. Selain itu, panorama hijau disekitar pantai sangat menawan, dan dari pantai Palangpang Anda juga bisa melihat air terjun Cimarinjung dari kejauhan.

  
 Puncak Darma
 
 Puncak Darma merupakan titik tertinggi di Geopark Ciletuh yang tepat mengarah ke laut. Di sini Anda bisa menikmati pemandangan teluk Ciletuh yang sangat dramatis. Birunya laut lepas yang dikelilngi perbukitan, sawah hijau menjadi santapan mata dan jiwa yang lelah.

 Di sini, Anda juga bisa menikmati pemandangan saat sunrise dan sunset yang posisi mataharinya sejajar dengan pemandangan teluk.
 Baca Juga:   Ini Lafadz Doa Sebelum & Sesudah Berhubungan Intim Suami Istri
 
  
 Curug Awang 
 Ini dia Niagara dari Sukabumi! Pemandangan paling indahnya bisa Anda nikmati dari kejauhan dengan jarak sekitar 300 meter. Terutama di musim penghujan, pesona Curug Awang semakin menjadi-jadi, karena seluruh bagian tebingnya mengaliri air dengan debit yang cukup besar.

 Pemandangan di bawahnya pun cukup instagrammable dengan batu-batu besar dibawah dilatari air sungai yang deras.


                  
                                       Bukit Panenjoan  (Foto: TRIVINDO) Bukit ini merupakan point of view dari Ciletuh Geopark, dari sini  Anda bisa melihat wilayah Geopark Ciletuh secara keseluruhan. Dan tentu  saja, tempatnya sangat bagus untuk selfie. Tak seperti Puncak Darma,  Panenjoan dapat dijangkau dengan mudah karena letaknya di pinggir jalan  dekat kantor PAPSI (Paguyuban Alam Pakidulan Sukabumi).  Curug Sodong  Curug ini memiliki dua aliran air sejajar yang menyerupai sepasang  pengantin. Aliran air yang deras dengan suara gemuruh air yang menerjang  membuat siapa saja akan terpana dan ingin menikmati air terjun tersebut  dengan cara berendam dan berenang. Posisinya tersembunyi di balik  cekungan sebuah bukit, membuat suasana di Curug Sodong sangat istimewa. Curug Cikanteh  Curug Cikanteh ini rasanya sulit diungkapkan dengan kata indah saja.  Airnya yang deras mengalir dari tebing batuan tinggi yang jatuh ke  bebatuan besar di bawahnya yang tak beraturan sehingga menciptakan  aliran air yang melebar yang tampak megah.",#Wisata Sukabumi #Geopark Ciletuh #Okezone Weekend Wisata Zaman Now #Okezone Weekend,#Libur Akhir Tahun #Wisata Geopark Ciletuh #Geopark Ciletuh #wisata alam #Wisata Sukabumi #sukabumi #Wisata Selancar #Wisata Sukabumi #Pantai Cimaja #Wisata Olahraga #Pariwisata Jawa Barat #Goa Baduy Palayangan #wisata alam #Pariwisata Sukabumi #Wisata Sukabumi #Pantai di Sukabumi #Wisata Sukabumi #WIsata Pantai #Wisata bahari #Pantai Eksotis #Wisata Sukabumi #Keripik Enye #Makanan Khas Sukabumi #Opak #Kuliner Enye #kereta api #Pemandian Alam #Wisata Sukabumi #Libur Akhir Tahun #Wisata Geopark Ciletuh #Geopark Ciletuh #wisata alam #Wisata Sukabumi #sukabumi #Geopark Global UNESCO #Jawa Barat #Wisata Geopark Ciletuh #pelabuhan ratu #Geopark Ciletuh #Geopark Global UNESCO #Jawa Barat #pelabuhan ratu #Geopark Ciletuh #Wisata Geopark Ciletuh #Kemenparekraf #Geopark Ciletuh #Palabuhan Ratu #Wisata Geopark Ciletuh #Pariwisata Sukabumi #Wisata Air Terjun #Air Terjun di Sukabumi #Curug di Sukabumi #Geopark Ciletuh #Curug Cikanteh #Pantai Palangpang #WIsata Pantai #Geopark Ciletuh #Wisata bahari #new normal #pariwisata new normal #ciletuh #Geopark Ciletuh #Geopark #Liburan Artis #Seksi Berbikini #Wisata geopark #Geopark Ciletuh #Wulan Guritno #obat kanker #Ramuan Herbal #obat kuat #Hot Mom #Hamil Sehat #Ibu Hamil #Baby Moon #Seleb Hamil #obat herbal #Jamu #maternity shoot #Okezone Weekend #Tikus Lucu #Okezone Weekend #Tikus #Okezone Weekend #Tikus Got #Tikus #Tikus Lucu #Tikus #Okezone Weekend #Tikus Mati #Tikus #Okezone Weekend #Kawin Sirih #Poligami #Okezone Weekend #Kawin Sirih #Kisah Poligami #Okezone Weekend #Kawin Sirih #Kisah Poligami #Okezone Weekend #Penyintas Kanker #Okezone Weekend #kanker #Kawin Siri #Poligami #Okezone Weekend #Suami Poligami
2020,okezone,https://lifestyle.okezone.com/read/2020/06/15/406/2230539/begini-strategi-pengelolaan-geopark-ciletuh-di-era-new-normal,"Dalam rangka penerapaan kebijakan new normal pada sektor pariwisata dan ekonomi kreatif (parekraf), Kemenko Marves bersama dengan pemangku lain dari unsur kementerian dan lembaga, pemda, perguruan tinggi, komunitas serta sosial media,  melaksanakan sharing session mengenai persiapan strategi pengelolaan Geopark, khususnya Geopark Ciletuh, Sukabumi, Jawa Barat. Acara ini dikoordinasikan oleh Staf Ahli Menteri (SAM) Bidang Sosio-Antropologi Kemenko Marves Tukul Rameyo Adi.

 ‚??Jadi dalam pertemuan ini membahas gagasan bagaimana strategi pengelolaan geopark di new normal. Kita mengambil area Geopark Ciletuh karena selain Ciletuh ini masuk ke dalam UNESCO Global Geopark, juga menjadi salah satu rujukan pengelolaan geopark nasional‚?ù kata Tukul dalam pertemuan yang dilaksanakan secara virtual, Senin (15/6/2020).  ¬†
 Adapun 3 langkah penting yang diajukan Tukul untuk menuju model pengelolaan geopark dalam era adaptasi kebiasaan baru (AKB) dan era new normal adalah melakukan pemetaan hubungan sosial dan ekologi pada kawasan Geopark, identifikasi dampak Covid-19 atau virus corona di masa pandemi dan prediksi dampak pasca pandemi. Juga inventarisasi  pedoman dan kerangka tata kelola sebagai alat untuk pengelolaan Geopark di era new normal. ‚??Tiga langkah teesebut perlu dilakukan agar model pengelolaan Geopark nantinya dapat diterapkan optimal, memperkuat produktivitas tetapi tetap aman dan yang terpenting, tidak malahan menjadikan kondisi  yang telah resilien menjadi Rentan. Pendekatan Sistem Sosial-Ekologi (SSE) sangat cocok untuk pengelolaan Geopark karena memiliki interaksi dengan resiliensi yang berjenjang, dari level individu kelompok hingga sistem geopark secara keseluruhan,‚?ù jelasnya.

 ‚??Untuk pemetaan dampak COVID-19 seperti peningkatan nilai tambah, bagaimana menjadi strategi peningkatan nilai tambah wisata, nah di sini Ciletuh masuk. Caranya kita perlu membuat strategi pengelolaan, dengan menghasilkan benefit ekonomi, budaya, dan lingkungan. Sedangkan untuk pedoman kerangka tata kelola sebagai tools, kita butuh instrumen, perlu masukkan apa saja yang diperlukan pemerintah mungkin terkait kebijakan, bantuan, kerjasama, fasilitas, untuk menemukan kemitraan dengan pihak-pihak yang bisa dijadikan sebagai alat tata kelola, pedoman dan pengelolaan.""

 Semua dalam sharing akan dipastikan apa kebijakannya dengan dilanjutkan pertemuan melalui webinar mungkin dua minggu ke depan.
 Baca juga: Tak Perlu Khawatir Adakan Resepsi Pernikahan, Asal Terapkan Protokol Kesehatan Ini
 Lebih lanjut, Tukul menjelaskan bahwa strategi pengelolaan ini cukup penting, sebab virus corona ini sangat memberikan dampak bagi sektor parekraf, tidak hanya pada masa pandemi tetapi juga pasca pandemi perlu diwaspadai. Khususnya dampak sosial budaya dan lingkungan apabila terjadi booming kunjungan wisata serta peemintaan produk parekraf lainnya.
                  
                                 (DRM)",#new normal #pariwisata new normal #ciletuh #Geopark Ciletuh #Geopark,#makassar #Covid-19 #new normal #Bioskop #Indonesia Lawan Corona #Covid-19 #new normal #Berita Baik #Corona Virus #Virus Corona #Penerimaan CPNS 2021 #Seleksi CPNS 2021 #CPNS 2021 #new normal #Arus Balik 2020 #Libur Panjang #tol jakarta cikampek #new normal #new normal #Pameran Busana #Fashion Show #New York Fashion Week #new normal #Wisata Bintan New Normal #wisata new normal #Corona Virus #Wisata Bintan #new normal #Corona Virus #Indonesia Lawan Corona #Covid-19 #PSBB Jakarta #PSBB Bandung #AKB Bandung #new normal #Pandemi Covid-19 #Highend #Covid-19 #masker #pakai masker #new normal #makeup #Highend #Corona Virus #Virus Corona #PSBB Transisi Diperpanjang #Cara Aman Naik KRL  #new normal #PT KCI #pariwisata new normal #Kemenparekraf #Jubir Kemenparekraf #Protokol kesehatan 3M #Protokol CHSE #Covid-19 #pariwisata new normal #Kemenparekraf #Jubir Kemenparekraf #Prabu Revolusi #pariwisata new normal #Menparekraf Wishnutama #Konser Musik New Normal #Konser Musik Virtual #Kemenparekraf #pariwisata new normal #Kegiatan MICE #wisata bali #MICE #ICTM #wisata new normal #pariwisata new normal #Wisata Pandemi Covid-19 #Kemenparekraf #tur virtual #New Normal Wisata #pariwisata new normal #Destinasi Wisata Wellness #Pelaku Wisata Wellness #Wisata Wellness #CHSE #New Normal Berwisata #pariwisata new normal #wisata new normal #Wisata Wellness #Pariwisata Bintan #pariwisata new normal #Wisata Bintan #Pariwisata Bintan #Wisata Bintan New Normal #Diskon Liburan #Paket Wisata Diskon #New Normal Wisata #pariwisata new normal #Paket Wisata #Ekonomi Pariwisata #Bintan #New Normal Wisata #pariwisata new normal #WIsata Indonesia #new normal #pariwisata new normal #ciletuh #Geopark Ciletuh #Geopark #Libur Akhir Tahun #Wisata Geopark Ciletuh #Geopark Ciletuh #wisata alam #Wisata Sukabumi #sukabumi #Geopark Global UNESCO #Jawa Barat #Wisata Geopark Ciletuh #pelabuhan ratu #Geopark Ciletuh #Geopark Global UNESCO #Jawa Barat #pelabuhan ratu #Geopark Ciletuh #Wisata Geopark Ciletuh #Kemenparekraf #Geopark Ciletuh #Palabuhan Ratu #Wisata Geopark Ciletuh #Pariwisata Sukabumi #Wisata Air Terjun #Air Terjun di Sukabumi #Curug di Sukabumi #Geopark Ciletuh #Curug Cikanteh #Pantai Palangpang #WIsata Pantai #Geopark Ciletuh #Wisata bahari #new normal #pariwisata new normal #ciletuh #Geopark Ciletuh #Geopark #Liburan Artis #Seksi Berbikini #Wisata geopark #Geopark Ciletuh #Wulan Guritno #Wisata Tulungagung #pantai pacar #Pantai Perawan #Pantai Perawan di Pelosok Tulungagung #Geopark #Geopark #UNESCO #Geopark Maros Pangkep didorong masuk UNESCO #Geopark Maros Pangkep #Geopark #Bandung #wisata new normal #Wisata di Bandung #wisata kawah putih #Kawah Putih #Wisata di Bandung #spot kuliner di ciwidey #Geopark #sungai ciwidey #arung jeram sungai ciwidey #Geopark #Wisata di Bandung #Geopark #sungai ciwidey #arung jeram sungai ciwidey #wisata arung jeram #Geopark #Wisata di Bandung #Geopark #sungai ciwidey #arung jeram sungai ciwidey #wisata arung jeram #wisata new normal #Wisata Kuliner #gua pawon #Wisata Kuliner #Tempat Wisata Bandung #Geopark #wisata new normal #gua pawon bandung #jelajah gua pawon #gua pawon #Tempat Wisata Bandung #Geopark #Kuliner Bandung #wisata tangkuban parahu #Jalan-Jalan ke Tangkuban Parahu #Tangkuban Parahu #Wisata Bandung #Geopark #destinasi wisata new normal #Tempat Wisata Bandung #wisata new normal #Gunung Tangkuban Parahu #Tangkuban Parahu #Geopark
