Search_Engine,Seed_URL
Google,kabupaten-sukabumi/hapunten-dilarang-berwisata-ke-geopark-ciletuh-sukabumi/
,kemilau-sukabumi/pr-20388508/pengelola-ciletuh-palabuhanratu-minta-wisatawan-tak-berkunjung-ke-kawasan-geopark
,2020/05/28/geopark-ciletuh-sukabumi-diserbu-wisatawan-di-tengah-pandemi-covid-19
,ciletuhgeopark/photos/menjelajahi-taman-bumi-ciletuhciletuh-palabuhanratu-geopark-exploring-cnn-indone/956382437827316/
,gaya-hidup/20181115201723-269-346947/objek-wisata-ikonik-di-geopark-ciletuh-palabuhanratu
,/lifestyle/read/3795375/geopark-ciletuh-pelabuhanratu-pesona-alam-indonesia-yang-wajib-dikunjungi
,/read/1090598/sertifikat-unesco-untuk-geopark-ciletuh-telah-terbit
Yahoo,domestic-destination/d-4547725/10-tempat-wisata-di-geopark-ciletuh-surga-tersembunyi-di-sukabumi
,berita-jawa-barat/d-5125280/pns-di-sukabumi-tewas-terseret-ombak-di-geopark-ciletuh-saat-mancing
,2020/08/21/forwan-berbagi-kebahagiaan-dengan-warga-ciletuh-sukabumi
,wiki/Taman_Bumi_Ciletuh-Palabuhanratu
,read/2017/06/17/07390851/palabuhanratu.masuk.kawasan.geopark.ciletuh
,https://otomotif.tempo.co/read/1369587/baksos-di-ciletuh-ridwan-kamil-naik-motor-royal-enfield-classic
,status-geopark-ciletuh-jadi-unesco-global-geopark-ditentukan/
Msn,umkm/forwan-menjelajah-dan-bersedekah-di-ciletuh-sukabumi/
,2019/07/geopark-ciletuh-kabupaten-sukabumi-jawa-barat/
,/news/tempat:-geopark-ciletuh-permata-baru-di-pantai-selatan-pulau-jawa
,2018/04/taman-bumi-pelabuhan-ratu-and-ciletuh.html
,read/detail/138728-geopark-ciletuh-palabuhanratu-sukabumi-dipadati-wisatawan
,https://gpswisataindonesia.info/
,travel-news/d-4000831/unesco-akui-geopark-ciletuh-sejarah-baru-wisata-jawa-barat
