Media_Online,Seed_URL,Parent,Anchor,Surrounding
antaranews,https://www.antaranews.com/berita/943420/pemprov-jabar-percepat-pembangunan-amphitheater-geopark-ciletuh,"
				Bandung (ANTARA) - Dinas Pariwisata dan Kebudayaan Jawa Barat akan mengakselerasi infrastruktur di Geopark Ciletuh Palabuhanratu, Kabupaten Sukabumi, salah satu ialah dengan mempercepat pembangunan amphitheatre sebagai penunjang pertunjukan seni budaya.

Kepala Dinas Pariwisata dan Kebudayaan (Disparbud) Jawa Barat Dedi Taufik, di Bandung, Jumat, mengatakan kebutuhan anggaran untuk merealisasikannya sebesar Rp12,6 miliar yang dialokasikan dari anggaran murni tahun 2019 Rp4,6 miliar dan sisanya di anggaran murni 2020.

Selain amphitheatre, kata dia, sejumlah sarana penunjang dan amenitas pun akan diperbanyak oleh pihaknya.

""Jasi ada beberapa hal yang harus kita akselerasi, seperti amphitheatre untuk menunjang pertunjukan seni budaya. Semua pekerjaannya akan diawasi dengan ketat agar tidak merusak alam yang ada di sana. Selain itu, rambu petunjuk dan toilet akan ditambah,"" kata dia.

""Kami tetap menjaga komitmen melakukan konservasi. Pembangunan mengikuti pola tata ruang yang sudah ditentukan. Aspek edukasi, pembelajaran geologi, biologi, kebudayaan tetap berjalan,"" lanjut dia.

Dedi mengatakan upaya tersebut merupakan pengembangan sekaligus menjaga status Geopark Ciletuh Palabuhanratu di Kabupaten Sukabumi sebagai Unesco Global Geopark (UGG).

Dia mengatakan sejak mendapat predikat UGG pada tahun 2018, pihak Unesco akan melakukan evaluasi berkala pada tahun 2020.

Bersamaan dengan akselerasi tersebut, ia berharap proyek penunjang seperti pembangunan Pelabuhan Laut Pengumpan Regional (PLPR) di Pantai kawasan Pantai Karang Pamulang, Kecamatan Palabuhanratu bisa selesai.

Menurut dia fasilitas ini dibangun untuk menunjang angkutan laut yang menghubungkan antara Palabuhanratu dengan Jakarta.

Dia mengatakan selain Geopark Ciletuh Palabuhanratu, kawasan serupa tetap akan diperhatikan dan dikembangkan. Kawasan tersebut adalah Geopark Nasional Pongkor, Geopark Pangandaran, Geopark Galunggung Sepuluh Ribu Bukit dan Geopark Karst Rajamandala.

""Pemerintah pusat juga berkomitmen mendukung. Mereka akan membantu melalui tim khusus untuk geopark,"" kata dia.

Ia menyatakan bahwa aspek lingkungan, sosial budaya, dan ekonomi harus menjadi perhatian utama dalam pengembangan geopark sesuai dengan tiga pilar pengembangan geopark, yaitu konservasi, edukasi dan pembangunan ekonomi masyarakat secara berkelanjutan.

""Geopark sebagai sebuah produk wisata perlu terus dikelola melalui konsep pengembangan yang holistik dan integratif karena bersifat lintas sektor,"" katanya.

""Pemprov Jabar harus terus menggenjot pertumbuhan ekonomi melalui sektor pariwisata dan geopark di Jabar memiliki peluang yang sangat tinggi untuk terus dikembangkan,"" lanjut Dedi Taufik.

Baca juga: Pakar: Geopark Ciletuh rawan gempa dan tsunami

Baca juga: Seperempat juta lebih turis tumplek di Geopark Ciletuh
Ã?Â Pewarta: Ajat SudrajatEditor: Zita Meirina				COPYRIGHT Ã?Â© ANTARA 2019


 ",pemprov jabar geopark ciletuh,Kota Bandung Pemkot Bandung rutilahu west java calendar of event 2021 jabar dinas pariwisata dan kebudayaan jabar COVID-19 Bali vaksin COVID-19 jabar covid 19 vaksinasi tahap dua cianjur jalur puncak jalur puncak II pelantikan kepala daerah jabar pilkada serentak 2020 jabar Jalur tambang jalur puncak dua kabupaten bogor hari bahasa ibu digitalisasi aksara sunda pandi bank bjb cibadak culinary night festival qris cianjur pemprov jabar scan barcode pariwisata jamkrindo petani kopi Garut Tjahjo Kumolo ASN Cuti Bersama jamkrindo sukabumi jamkrindo perpustakaan digital geopark ciletuh unesco pemprov jabar Jamkrindo BUMN Direksi PT Jamkrindo Badan Usaha Milik Negara Perusahaan BUMN PT Jamkrindo Perusahaan BUMN UKM Saluyu Wisata Paralayang Sukabumi Gunung Keramat Sukabumi Geopark Ciletuh Palabuhanratu PT Jamkrindo Geopark Ciletuh Palabuhanratu Objek Wisata
antaranews,https://jabar.antaranews.com/berita/108176/pengembangan-geopark-ciletuh-sukabumi-butuh-bantuan-pemerintah-provinsi-dan-pusat,"
              Sukabumi, Jabar (ANTARA) - Sekretaris Daerah (Sekda) Kabupaten Sukabumi Iyos Somantri mengatakan pengembangan kawasan Geopark Ciletuh Palabuhanratu, Kabupaten Sukabumi, Jawa Barat perlu bantuan dari pemerintah pusat dan Jawa Barat.

""Geopark ini sudah ditetapkan United Nations of Educational, Scientific and Cultural Organization (Unesco) sebagai geopark dunia, tentunya dalam pengembangan perlu bantuan dari pusat dan provinsi khususnya dalam perbaikan sarana dan prasaranaÃ?Â insfrastruktur,"" katanya di Sukabumi, Minggu.

Menurut dia, Pemkab SukabumiÃ?Â saat ini terus memperbaiki insfrastruktur geopark karena menjadi andalan pihaknya dalam meningkatkan ekonomi masyarakat serta pendapatan asli daerah (PAD).

Keberadaan geopark ini tidak hanya sebatas pariwisata saja, tetapi di dalamnya ada pemberdayaan dan ekonomi masyarakat serta kehidupan sosial lainnya. Tentunya pengembangan kawasan ini harus ditunjang atau didukung insfrastruktur yang memadai.

Pihaknya mengapresiasi pemerintah pusat dan Provinsi Jabar yang terus memperhatikan keberadaan Geopark Ciletuh Palabuhanratu ini karena memiliki potensi yang besar untuk dimanfaatkan khususnya oleh warga.

""Dengan insfrastruktur yang memadai di kawasan geopark ini dapat mendorong peningkatan ekonomi masyarakat dari aspek kepariwisataan juga dan kehidupan sosial,"" tambahnya.

Iyos mengatakan dengan insfrastruktur yang baik juga bisa menarik investor datang ke Kabupaten Sukabumi untuk menanamkan modalnya khususnya di bidang pariwisata, namun pihaknya menginginkan setiap investasi yang masuk harus melibatkan warga sekitar.

Selain itu, diharapkan ke depannya bisa dibangun Jalan Tol Cibadak-Palabuhanratu untuk menunjang konektivitas perhubungan, apalagi saat ini sedang dibangun Jalan Tol Bogor-Ciawi-Sukabumi (Bocimi), jalur ganda kereta api Sukabumi-Bogor dan dalam waktu dekat juga akan dibangun Bandara Sukabumi.

Baca juga: Mahasiswa IPB bantu pengembangan ekonomi masyarakat pesisir Sukabumi

Baca juga: BPBD: 85 rumah di Sukabumi rusak akibat bencana

Ã?Â             ",Mahasiswa IPB bantu pengembangan ekonomi masyarakat pesisir Sukabumi BPBD: 85 rumah di Sukabumi rusak akibat bencana,
antaranews,https://www.antaranews.com/video/1301262/membiasakan-para-siswa-di-sekitar-geopark-ciletuh-untuk-meminimalisasi-sampah-plastik,"











ANTARA Ã?Â? Sampah plastik hinggi kini menjadi permasalahan utama tidak hanya di Indonesia saja, tetapi dunia.Ã?Â Tidak terkecuali denganÃ?Â Kabupaten Sukabumi yang memiliki destinasi Unesco Global Geopark Ciletuh Pelabuhanratu. Menjaga kebersihan di destinasi kebanggaan pemerintah setempat tersebut khususnya dari sampah plastik, tentunya harus didukung. Salah satunya dengan meningkatkan kesadaran terhadap para siswa yang tinggal di dekat objek wisata tersebut untuk mulai mengurangi sampah plastik dalam kehidupan sehari-hari.(Aditia Aulia Rohman/ Dokumentasi Humas Jabar/ Andi Bagasela/Ludmila Yusufin Diah Nastiti) 
","Upaya kantor imigrasi antisipasi penyebaran virus corona Kampanye antisampah plastik untuk menjaga keasrian Geopark Ciletuh Rindu Semilir, pasar antisampah plastik Kabupaten Sukabumi mulai panen raya beras","Jumlah vaksin kurang, baru 5.229 orang di Sumbar ikut vaksinasi tahap 2 Kilas NusAntara Edisi COVID-19 Perawat perempuan pejuang pandemi COVID-19 Percepat vaksinasi, Jabar siapkan gedung berdaya tampung besar Kebun Binatang Cahaya Langgeng mulai ramai dikunjungi Sensasi makan di tengah aliran sungai Coban Tarzan Menikmati matahari terbenam di Kota Padang dari Bukit Nobita Pesona Jemur Indah di bantaran sungai Lukulo KebumenÂ  KAI ceritakan kejadian tembok runtuh di stasiun Pekalongan BPOM kawal UMKM pangan NTB untuk pasar ekspor Dinkes Kota Padang sasar 2.500 pedagang untuk vaksinasi COVID-19 Kilas NusAntara Siang Ridwan Kamil kenalkan apartemen ayam di Kabupaten Bandung BPJS Ketenagakerjaan sasar kelompok penambak ikan Atasi kelangkaan, PIM produksi pupuk subsidi Pedagang pasar di Sumsel mulai divaksinasi COVID-19"
antaranews,https://www.antaranews.com/berita/1301114/akses-ke-geopark-ciletuh-palabuhan-ratu-dikepung-banjir-dan-longsor,"
Laporan sementara petugas kami di lapangan ada empat titik longsorSukabumi, Jabar (ANTARA) - Akses jalan menuju objek wisata Geopark Ciletuh Palabuhan Ratu, Kabupaten Sukabumi, Jawa Barat, dikepung banjir dan tanah longsor yang diakibatkan hujan deras yang turun sejak Minggu, (16/2) hingga Senin, (17/2).

""Laporan sementara petugas kami di lapangan ada empat titik longsor yakni di Kampung Cipeucang, Desa Taman Jaya, Kampung Cibuti, Desa Giri Mukti, Kampung Batu Cakup, Desa Ciemas, dan Kampung Pasir Muncang, Desa Giri Mukti, Kecamatan Ciemas,"" kata Kepala Pusat Pengendalian Operasi Badan Penanggulangan Bencana Daerah (Pusdalops BPBD) Kabupaten Sukabumi Daeng Sutisna di Sukabumi, Senin.

Sementara, untuk kejadian banjir terjadi di Kampung Batu Karut, RT 03/06, Desa Tanjung Sari, Kecamatan Jampang Tengah. Banjir bandang yang terjadi di Sungai Cipicung ini disebabkan melonjaknya volume air.

Adapun dampak dari bencana tersebut mengakibatkan pondasi jembatan penghubung antardesa sepanjang 12 meter dengan lebar 1,5 meter terancam ambruk dan tidak bisa lagi dilalui kendaraan seperti sepeda motor.

Rusaknya jalur penghubung itu, menyebabkan warga terpaksa harus mengalihkan perjalanannya ke lokasi lainnya yang lebih jauh. Akibat dari bencana ini warga yang berada di kawasan objek wisata Geopark Ciletuh Palabuhan Ratu seperti Pantai Palampang belum bisa melintas karena akses jalan masih ada yang tertutup longsor dan tergenang banjir.

Pihaknya juga sudah berkoordinasi dengan sejumlah instansi terkait lainnya untuk mengevakuasi material longsoran yang menutup jalan serta membuat jembatan darurat atau dilakukan perbaikan agar bisa dilalui kendaraan.

Untuk banjir yang terjadi di Desa Ciwaru, Kecamatan Ciemas masih dalam pendataan dan informasinya sudah mulai surut, namun melihat cuaca pada Senin ini masih terjadi turun hujan berpotensi terjadi bencana susulan, tetapi berharap tidak ada.

""Pada kejadian bencana ini kami belum menerima laporan adanya korban jiwa, hanya beberapa fasilitas umum dan rumah warga yang rusak. Petugas kami pun masih berada di lokasi untuk membantu warga sekaligus melakukan pendataan,"" tambahnya.

Daeng mengimbau kepada warga maupun wisatawan untuk selalu waspada dan taat akan aturan serta imbauan dari petugas keamanan objek wisata, karena dalam sepekan terakhir ini cuaca kurang bersahabat.


Baca juga: Sekda Sukabumi: Pengembangan Geopark butuh bantuan pemerintah pusat

Baca juga: Pemprov Jabar percepat pembangunan amphitheater Geopark CiletuhPewarta: Aditia Aulia RohmanEditor: Risbiani Fardaniah				COPYRIGHT Ã?Â© ANTARA 2020


 ",geopark ciletuh banjir tanah longsor,"jamkrindo petani kopi Garut Tjahjo Kumolo ASN Cuti Bersama jamkrindo sukabumi jamkrindo perpustakaan digital geopark ciletuh unesco pemprov jabar Jamkrindo BUMN Direksi PT Jamkrindo Badan Usaha Milik Negara Perusahaan BUMN PT Jamkrindo Perusahaan BUMN UKM Saluyu Wisata Paralayang Sukabumi Gunung Keramat Sukabumi Geopark Ciletuh Palabuhanratu PT Jamkrindo Geopark Ciletuh Palabuhanratu Objek Wisata Unggahan Instagram Risa Saraswati soal banjir bikin warganet penasaran Perancang Ali Charisma donasi 1.000 busana SehatQ & Trisula International peduli Covid-19 donasi ranjang darurat Mahasiswa Indonesia di AS galang donasi melalui lomba virtual PMI open donasi untuk korban gempa Sulbar isuzu bantuan timbangan digital posyandu pln kalbar pln Pengerukan sungai normalisasi sungai pembersihan sungai pln jabar gardu listrik banjir karawang LAPAN teknologi modifikasi cuaca Hujan ekstrem jakarta food estate kalteng pintu air kuripan kapuas kudus petani kudus bantuan benih padi Bmkg Prakiraan cuaca Hujan lebat Humaniora kemarin sembuh COVID-19 karhutla riau Jakarta BMKG cuaca jakarta Pengerukan sungai normalisasi sungai pembersihan sungai Aceh Banjir Hujan Deras Kantor SAR Sungai Benjor Lombok Tengah Bencana longsor Cilawu Presiden jokowi pemindahan ibu kota ibu kota negara menristek lapan bambang ps brodjonegoro bpbd jabar jumlah bencana alam di jabar bencana alam Pengerukan sungai pengerukan lumpur aliran sungai Belasan rumah di Lumajang tertimbun longsor Longsor lumpuhkan Jalur Selatan Lumajang - Malang Gunung Semeru erupsi, luncurkan awan panas guguran sejauh 4,5 km Pohon tumbang, jalur Jember - Surabaya macetÂ  bppt Hammam Riza bencana geologi"
antaranews,https://www.antaranews.com/video/1263389/kampanye-antisampah-plastik-untuk-menjaga-keasrian-geopark-ciletuh,"











								ANTARA - Perusahaan Umum Jaminan Kredit Indonesia (Perum Jamkrindo) berkolaborasi dengan Pemerintah Kabupaten Sukabumi, Jawa Barat menggelarÃ?Â kampanye antisampah plastik di kawasan Geopark Ciletuh. Kegiatan itu dilaksanakan pada Kamis, (23/1) dengan tema malam keakraban untuk berkelanjutan program di Geopark Ciletuh.(Aditia Rohman/Andi Bagasela/Sizuka)							
",Kebun Binatang Cahaya Langgeng mulai ramai dikunjungi Sensasi makan di tengah aliran sungai Coban Tarzan Menikmati matahari terbenam di Kota Padang dari Bukit Nobita Pesona Jemur Indah di bantaran sungai Lukulo KebumenÃ?Â ,Wisata Bejen Fruit Garden usung konsep perkebunan modern Desa di Kebumen rintis kampung anggur Petugas pastikan penerapan protokol kesehatan di tempat wisata Temanggung Jembatan Kali Galeh dukung pengembangan pariwisata Tambahan atraksi di candi Borobudur Kilas NusAntara Pagi Menparekraf pastikan desa wisata jadi unggulan di Likupang Wisata pertanian yang melipatgandakan penghasilan PUPR dan Hutama Karya bantah penghentian pembangunan tol Padang-Pekanbaru Sumbar siap jadi tuan rumah wisata MICE nasional Dinkes Padang ajukan penambahan puskesmas dan rumah sakit Dinkes Kota Padang sasar 2.500 pedagang untuk vaksinasi COVID-19 Desa di Kebumen rintis kampung anggur Perahu Hias Telusuri Sungai di Kebumen 
antaranews,https://www.antaranews.com/berita/1236895/kampanye-anti-sampah-perum-jamkrindo-di-geopark-ciletuh-diapresiasi,"
Sampah plastik yang tercecer di kawasan wisata juga sudah jauh berkurangJakarta (ANTARA) - Masyarakat mengapresiasi Perum Jamkrindo yang mengkampanyekan anti sampah plastik di Ciletuh Palabuhanratu Unesco Global Geopark Sukabumi, Jawa Barat, setelah program yang diiniasi pada Oktober 2019 itu membuat sampah plastik jauh berkurang, khususnya di Pantai Palangpang, Desa Ciwaru, Kecamatan Ciemas.
Tokoh masyarakat Ciletuh, Eden dalam keterangannya di Jakarta, Senin, menjelaskan sejak strategi penanganan sampah di Geopark Ciletuh disusun oleh Perum Jamkrindo, Pemkab Sukabumi, komunitas, dan masyarakat, keterlibatan masyarakat terus meningkat. Saat ini, pedagang dan masyarakat sudah jauh lebih memahami dampak sampah, tidak saja bagi kesehatan, tetapi juga dampak terhadap pariwisata secara umum. 

Pedagang secara penuh mendukung gerakan bersih sampah plastik dengan secara rutin memberikan imbauan kepada para pengunjung untuk membuang sampah di tempat yang telah disediakan oleh Jamkrindo. Mereka juga bersama-sama mengajak pengunjung untuk mengurangi penggunaan plastik.

""Kami masyarakat dan para pedagang secara rutin terutama setiap akhir pekan memberikan imbauan dan mengajak untuk bersama-sama membersihkan sampah yang ada disekitar pantai. Setiap akhir pekan, pengunjung selalu ramai sehingga kegiatan seperti ini harus terus dilaksanakan,"" kata Eden.
Baca juga: Perum Jamkrindo tanam ratusan pohon di kawasan Geopark Ciletuh

Ketua Asosiasi Homestay Ciletuh Yudi Mulyadi menjelaskan sejak kampanye anti sampah plastik gencar dilaksanakan di Pantai Palangpang, Puncak Darma, Curug Sodong, dan Curug Cimarinjung, kesadaran masyarakat terhadap pentingnya menjaga lingkungan dari sampah plastik terus meningkat. 

Para pemilik homestay atau penginapan juga mendapatkan dampak positif karena kawasan Geopark Ciletuh makin dilirik oleh wisatawan sehingga potensi hunian homestay juga meningkat. 

Ã?Â?Kami yakin bahwa dengan lingkungan yang bersih, wisatawan akan makin betah menghabiskan waktu di kawasan Geopark Ciletuh,Ã?Â? ujar Yudi.

Kepala Desa Ciwaru Taopik Guntur Rochmi juga melihat makin meningkatnya kesadaran masyarakat mengenai pentingnya menjaga lingkungan dari sampah plastik. 

Ã?Â?Sekarang, di banyak tempat di Ciwaru, topik mengenai sampah mulai makin sering menjadi bahan pembicaraan. Sampah plastik yang tercecer di kawasan wisata juga sudah jauh berkurang. Saya berharap, walaupun pelan-pelan, kegiatan ini akan berhasil,Ã?Â? kata Taopik. 
Baca juga: Pelaku usaha Geopark Ciletuh Sukabumi dapat pelatihan keuangan

Kampanye anti sampah plastik di Ciletuh Palabuhan Ratu Unesco Global Geopark yang dilakukan oleh Perum Jamkrindo merupakan tindak lanjut dari kesepakatan bersama dengan Pemerintah Kabupaten Sukabumi untuk membantu peningkatan perekonomian masyarakat. 

Melalui kegiatan yang dimulai dari peningkatan kesadaran masyarakat mengenai perlunya menangani sampah plastik, perekonomian masyarakat bisa meningkat. Hal ini terjadi karena kawasan wisata yang bebas sampah plastik bisa memiliki nilai tambah sehingga menjadi destinasi baru di wilayah Kabupaten Sukabumi. 

Setelah dimulai di Pantai Palangpang, Desa Ciwaru, kampanye anti sampah plastik akan berlanjut ke 7 kecamatan lain di Kabupaten Sukabumi yang masuk kawasan Ciletuh Palabuhanratu Unesco Global Geopark.

Baca juga: Pemprov Jabar percepat pembangunan amphitheater Geopark Ciletuh

Direktur Utama Perum Jamkrindo Randi Anto menjelaskan kegiatan yang bersifat kolaboratif di kawasan Geopark Ciletuh Palabuhanratu itu akan dilaksanakan selama tiga tahun ke depan dan mendukung Indonesia Bebas Sampah Plastik 2025 yang dicanangkan oleh pemerintah.

Ã?Â?Kami sudah melaksanakan berbagai kegiatan pemberdayaan masyarakat di berbagai daerah, bahkan ke daerah-daerah yang cukup jauh di luar Jawa. Sebagai bentuk partisipasi kami terhadap upaya-upaya pencapaian target tujuan pembangunan berkelanjutan (SDGÃ?Â?s), kami menginisiasi kegiatan di kawasan Geopark Ciletuh Palabuhanratu,Ã?Â? ujar Randi Anto.

Perum Jamkrindo dan Pemerintah Kabupaten Sukabumi dalam kegiatan ini secara berkesimabungan melaksanakan program bersifat pemberdayaan, bukan pemberian bantuan cuma-cuma (filantropis).

Bupati Sukabumi Marwan Hamami menjelaskan, kesepakatan bersama dengan Perum Jamkrindo merupakan langkah strategis untuk memajukan kawasan Geopark Ciletuh Palabuhanratu.

Baca juga: Perum Jamkrindo gelar Festival UMKM 2019
Pewarta: Ahmad BuchoriEditor: Faisal Yunianto				COPYRIGHT Ã?Â© ANTARA 2020


 ",jamkrindo ciletuh geopark,Kapolda NTB jamkrindo jos penjaminan jamkrindo petani kopi Garut banjir bencana alam hujan deras Jamkrindo KMK PEN BUMN banjir karawang peruri korban banjir jamkrindo bantuan bencana alam banjir karawang Teten masduki holding ultramikro bri satgas Bencana BUMN Jambi Askrindo modal kerja kredit jamkrindo petani kopi Garut Tjahjo Kumolo ASN Cuti Bersama jamkrindo sukabumi jamkrindo perpustakaan digital geopark ciletuh unesco pemprov jabar Pariwisata Banten Jamkrindo BUMN Direksi PT Jamkrindo Badan Usaha Milik Negara Perusahaan BUMN PT Jamkrindo Perusahaan BUMN UKM Saluyu Donald trump ciletuh hilir cigombong Gerakan Bangga Buatan Indonesia Beli Kreatif Danau Toba Geosite Batu Basiha NTB Lombok Sumbawa Program prioritas Pemprov Gorontalo Menter PPN/Bappenas kek bangka danau toba gerakan bangga berwisata di indonesia gernas bbi jamkrindo petani kopi Garut bangka barat warisan geologi nasional kementerian esdm Tjahjo Kumolo ASN Cuti Bersama danau toba destinasi wisata super prioritas bangga berwisata di indonesia Kilas NusAntara Edisi COVID-19 Kilas NusAntara Siang Kilas NusAntara Pagi Kilas NusAntara Edisi COVID-19
antaranews,https://www.antaranews.com/berita/1209759/perum-jamkrindo-tanam-ratusan-pohon-di-kawasan-geopark-ciletuh,"
Program pelestarian alam di Geopark Ciletuh Palabuhanratu ini merupakan salah satu upaya untuk mendukung pengembangan objek wisata bersama Pemerintah Kabupaten Sukabumi dan komunitas yang ada di wilayah geoparkSukabumi, Jabar (ANTARA) - Perusahaan Umum Jaminan Kredit Indonesia (Perum Jamkrindo) melakukan penanaman ratusan pohon di kawasan Unesco Global Geopark Ciletuh Palabuhanratu, Kabupaten Sukabumi, Jawa Barat, tepatnya di Pantai Palampang.

""Program pelestarian alam di Geopark Ciletuh Palabuhanratu ini merupakan salah satu upaya untuk mendukung pengembangan objek wisata bersama Pemerintah Kabupaten Sukabumi dan komunitas yang ada di wilayah geopark,"" kata Direktur Perum Jamkrindo Sulis Usdoko di Sukabumi, Minggu.

Menurut dia, penanaman pohon ini merupakan upaya untuk meningkatkan kebersihan dan kelestarian, kawasan geopark untuk menjadi destinasi yang memberi nilai tambah, apalagi juga dilaksanakan kampanye antisampah plastik.

Selain itu, penghijauan di Desa Ciwaru, Kecamatan Ciemas ini merupakan bagian upaya perusahaan berstatus Badan Usaha Milik Negara (BUMN) dalam mendukung pelestarian alam.

Pelaksanaan penanaman pohon dirangkai dengan program pembersihan sampah di Pantai Palangpang yang menjadi bagian program kampanye antisampah plastik. Adapun kampanye antisampah plastik ini merupakan upaya untuk membuat kawasan Geopark Ciletuh makin asri sehingga pengunjung bertambah dan perekonomian masyarakat meningkat.

Penanaman pohon dilakukan oleh sekitar 300 orang yang terdiri dari masyarakat dan pelajar dari Kecamatan Ciemas serta komunitas penggerak pariwisata di kawasan geopark. Selain itu, juga dihadiri anggota DPRD Kabupaten Sukabumi dan pejabat Pemkab Sukabumi.

Anggota DPRD Kabupaten Sukabumi Ujang Abdurrohim Rochmi menambahkan bahwa kehadiran Jamkrindo di objek wisata andalan Kabupaten Sukabumi bisa meningkatkan semangat masyarakat dalam menjaga lingkungan.

""Kontribusi Perum Jamkrindo dalam pelestarian alam merupakan cara mengedukasi dan kampanye antisampah plastik di masyarakat untuk menjaga lingkungan dari pencemaran khususnya polusi sampah plastik,"" tambahnya.

Selain penanaman pohon dan pembersihan sampah, Perum Jamkrindo juga menyediakan puluhan tempat sampah hasil daur ulang drum yang dipercantik menggunakan lukisan cat bekerja sama dengan komunitas setempat serta plang edukasi mengenai waktu urai sampah seperti sampah styrofoam yang tidak bisa terurai.

Tempat sampah tersebut diletakkan di beberapa titik seperti di Pantai Palangpang, Curug Sodong, Curug Cimarinjung dan Puncak Darma di Kecamatan Ciemas. Setelah melaksanakan kegiatan ini di Kecamaan Ciemas juga akan akan dilakukan di tujuh kecamatan lainnya yang berada di wilayah Geopark Ciletuh Palabuhanratu.

Baca juga: Perum Jamkrindo gelar Festival UMKM 2019

Baca juga: Perum Jamkrindo terus tingkatkan volume penjaminan

Ã?Â Pewarta: Aditia Aulia RohmanEditor: Ahmad Buchori				COPYRIGHT Ã?Â© ANTARA 2019


 ",Perum Jamkrindo Penanam Pohon Geopark Ciletuh Palabuhanratu,"PT Jamkrindo Geopark Ciletuh Palabuhanratu Objek Wisata jamkrindo holding asuransi holding bumn jamkrindo KUR umkm jamkrindo holding asuransi holding BUMN Jamkrindo Kredit ukm Laporan keuangan Upaya kantor imigrasi antisipasi penyebaran virus corona Kampanye antisampah plastik untuk menjaga keasrian Geopark Ciletuh Rindu Semilir, pasar antisampah plastik Kabupaten Sukabumi mulai panen raya beras Perum Jamkrindo Kabupaten Sukabumi Geopark Ciletuh Palabuhanratu Kebun Binatang Cahaya Langgeng mulai ramai dikunjungi Sensasi makan di tengah aliran sungai Coban Tarzan Menikmati matahari terbenam di Kota Padang dari Bukit Nobita Pesona Jemur Indah di bantaran sungai Lukulo KebumenÂ  Perum Jamkrindo BUMN Geopark Ciletuh Jamkrindo syariah jamkrindo penjaminan CSR Aqua Berastagi CSR Tirta Sibayakindo Hijaukan Tahura Bukit Barisan Pemkab Garut BNPB BPBD Bintahwil Lantamal Garuda di lautku Pangkalan Utama TNI Angkatan Laut (Lantamal) VI. Penanaman Mangrove polairud Polda Jabar Perum Jamkrindo Penanam Pohon Geopark Ciletuh Palabuhanratu program penanaman pohon Candi Prambanan Candi Sadar Lingkungan (Candi Darling) Penghijauan KLH BIY bendera rusia bencana banjir longsor Pantai Maju Pantai Kita Peletakkan Batu Pertama geopark ciletuh unesco pemprov jabar PT Jamkrindo Perusahaan BUMN UKM Saluyu Wisata Paralayang Sukabumi Gunung Keramat Sukabumi Geopark Ciletuh Palabuhanratu PT Jamkrindo Geopark Ciletuh Palabuhanratu Objek Wisata Pantai Selatan Sukabumi Palabuhanratu Geopark Ciletuh Palabuhanratu Balon udara polisi polisi ngamuk Pencegahan COVID-19 Polres Sukabumi Forum Komunikasi SAR Daerah Bupati Sukabumi Marwan Hamami Cegah COVID-19 Upaya kantor imigrasi antisipasi penyebaran virus corona Kampanye antisampah plastik untuk menjaga keasrian Geopark Ciletuh Rindu Semilir, pasar antisampah plastik Kabupaten Sukabumi mulai panen raya beras Perum Jamkrindo Kabupaten Sukabumi Geopark Ciletuh Palabuhanratu"
antaranews,https://www.antaranews.com/video/1031836/surga-wisata-geopark-ciletuh-palabuhan-ratu,"











								ANTARA - Keindahan objek wisata alam Geopark Ciletuh Palabuhanratu, Kabupaten Sukabumi, Jawa Barat tidak bisa disanggah lagi. Bahkan United Nations of Educational, Scientific and Cultural Organization (UNESCO) menetapkan geopark ini sebagai Global Geopark.(Aditya Rohman/Chairul Fajri/Risbeyhi)							
","Hari Aksara, ini pesan Menteri Nadiem Danau Toba resmi sandang Unescoa Global Geopark Peringati satu dasawarsa batik sebagai warisan budaya dunia Pengakuan UNESCO antarkan pencak silat mendunia","Nadiem sebut Indonesia masih dibayangi 3 dosa besar pendidikan Kemendikbud lanjutkan program bantuan kuota internet untuk 2021 Kemendikbud gerakkan mahasiswa bantu pembelajaran di daerah 3T Mendikbud Nadiem luncurkan program sekolah penggerak Pengakuan UNESCO antarkan pencak silat mendunia KAI ceritakan kejadian tembok runtuh di stasiun Pekalongan Ratusan anggota Kodim 0710 Pekalongan jalani vaksinasi COVID-19 Ikan mati mendadak, diduga akibat sungai tercemar limbah Kilas NusAntara Siang Disbudpar Tangerang salurkan bantuan ke penggiat budaya seni silat beksi Ratusan pesilat meriahkan Festival Silat Budaya Kuntau Hari Aksara, ini pesan Menteri Nadiem Danau Toba resmi sandang Unescoa Global Geopark"
antaranews,https://www.antaranews.com/berita/974132/pelaku-usaha-geopark-ciletuh-sukabumi-dapat-pelatihan-keuangan,"
Harapannya melalui program pengmas ini dapat mendorong perekonomian masyarakat agar lebih meningkatDepok (ANTARA) - Sejumlah dosen Program Pendidikan Vokasi Universitas Indonesia (UI) memberikan pelatihan keuangan dan bisnis bagi 60 orang pelaku UKM di bidang Pariwisata di daerah wisata Geopark Ciletuh Sukabumi, Jawa Barat.

""Para pelaku UKM tersebut di antaranya homestay, amenitas, perajin dan pemandu wisata dari 5 desa di kecamatan Ciemas Sukabumi,"" kata Ketua Tim Pengmas Vokasi UI Dede Suryanto di kampus UI Depok, Rabu.

Ia berharap melalui upaya Pengabdian Masyarakat yang dilakukan oleh dosen vokasi UI dapat turut mengembangkan potensi kepariwisataan berbasis masyarakat serta meningkatkan jumlah wisatawan di Geoprark Ciletuh Sukabumi.

""Program pengmas ini menyasar para pelaku ekonomi sektor pariwisata mengingat terus meningkatnya jumlah kunjungan wisatawan lokal dan asing sejak penetapan kawasan wisata Geopark Ciletuh Palabuhanratu Sukabumi ditetapkan sebagai salah satu kawasan geopark bertaraf internasional oleh UNESCO tahun 2018,"" jelasnya.

Tak hanya materi keuangan, pelatihan juga mengajarkan pemilik homestay dan pemandu wisata cara menangani wisatawan difabel dan lansia.

Sehingga, kegiatan pengmas ini tidak hanya menerjunkan para ahli pariwisata dan keuangan, melainkan juga para trainer dan fisioterapis.

Kegiatan ini merupakan rangkaian dari program pemberdayaan ekonomi masyarakat Kawasan Wisata Ciletuh yang akan berlangsung selama beberapa bulan ke depan.

""Harapannya melalui program pengmas ini dapat mendorong perekonomian masyarakat agar lebih meningkat,"" katanya.

Baca juga: Pemprov Jabar percepat pembangunan amphitheater Geopark Ciletuh

Baca juga: Hingga Juni 2,5 juta wisatawan kunjungi Kabupaten Sukabumi

Ã?Â Pewarta: Feru LantaraEditor: Ahmad Buchori				COPYRIGHT Ã?Â© ANTARA 2019


 ",Vokasi UI Geopark Ciletuh pariwisata sukabumi,ui ftui ui depok vokasi ui ui ui depok rsui ui mahasiswa ui snmptn ui ui mahasiswa baru ui Kemendikbud program vokasi program vokasi Kemendikbud vokasi ui ui depok komunikasi ui dies natalis UI ui ke-71 rektor ui FTUI UI universitas Indonesia vokasi ui ui depok program studi bisnis kreatif ui warek ui abdul haris jamkrindo petani kopi Garut Tjahjo Kumolo ASN Cuti Bersama jamkrindo sukabumi jamkrindo perpustakaan digital geopark ciletuh unesco pemprov jabar Jamkrindo BUMN Direksi PT Jamkrindo Badan Usaha Milik Negara Perusahaan BUMN PT Jamkrindo Perusahaan BUMN UKM Saluyu Wisata Paralayang Sukabumi Gunung Keramat Sukabumi Geopark Ciletuh Palabuhanratu PT Jamkrindo Geopark Ciletuh Palabuhanratu Objek Wisata objek wisata pariwisata sukabumi protokol kesehatan Pariwisata Sukabumi Pemkab Sukabumi geopark ciletuh Vokasi UI Geopark Ciletuh pariwisata sukabumi menteri perhubungan pariwisata sukabumi budi karya sumadi pariwisata sukabumi perhubungan sukabumi sukabumi pariwisata sukabumi wisatawan sukabumi jabar selatan sukabumi insfrastruktur transportasi hunian hotel libur lebaran pariwisata sukabumi
antaranews,https://www.antaranews.com/berita/943420/pemprov-jabar-percepat-pembangunan-amphitheater-geopark-ciletuh,"
				Bandung (ANTARA) - Dinas Pariwisata dan Kebudayaan Jawa Barat akan mengakselerasi infrastruktur di Geopark Ciletuh Palabuhanratu, Kabupaten Sukabumi, salah satu ialah dengan mempercepat pembangunan amphitheatre sebagai penunjang pertunjukan seni budaya.

Kepala Dinas Pariwisata dan Kebudayaan (Disparbud) Jawa Barat Dedi Taufik, di Bandung, Jumat, mengatakan kebutuhan anggaran untuk merealisasikannya sebesar Rp12,6 miliar yang dialokasikan dari anggaran murni tahun 2019 Rp4,6 miliar dan sisanya di anggaran murni 2020.

Selain amphitheatre, kata dia, sejumlah sarana penunjang dan amenitas pun akan diperbanyak oleh pihaknya.

""Jasi ada beberapa hal yang harus kita akselerasi, seperti amphitheatre untuk menunjang pertunjukan seni budaya. Semua pekerjaannya akan diawasi dengan ketat agar tidak merusak alam yang ada di sana. Selain itu, rambu petunjuk dan toilet akan ditambah,"" kata dia.

""Kami tetap menjaga komitmen melakukan konservasi. Pembangunan mengikuti pola tata ruang yang sudah ditentukan. Aspek edukasi, pembelajaran geologi, biologi, kebudayaan tetap berjalan,"" lanjut dia.

Dedi mengatakan upaya tersebut merupakan pengembangan sekaligus menjaga status Geopark Ciletuh Palabuhanratu di Kabupaten Sukabumi sebagai Unesco Global Geopark (UGG).

Dia mengatakan sejak mendapat predikat UGG pada tahun 2018, pihak Unesco akan melakukan evaluasi berkala pada tahun 2020.

Bersamaan dengan akselerasi tersebut, ia berharap proyek penunjang seperti pembangunan Pelabuhan Laut Pengumpan Regional (PLPR) di Pantai kawasan Pantai Karang Pamulang, Kecamatan Palabuhanratu bisa selesai.

Menurut dia fasilitas ini dibangun untuk menunjang angkutan laut yang menghubungkan antara Palabuhanratu dengan Jakarta.

Dia mengatakan selain Geopark Ciletuh Palabuhanratu, kawasan serupa tetap akan diperhatikan dan dikembangkan. Kawasan tersebut adalah Geopark Nasional Pongkor, Geopark Pangandaran, Geopark Galunggung Sepuluh Ribu Bukit dan Geopark Karst Rajamandala.

""Pemerintah pusat juga berkomitmen mendukung. Mereka akan membantu melalui tim khusus untuk geopark,"" kata dia.

Ia menyatakan bahwa aspek lingkungan, sosial budaya, dan ekonomi harus menjadi perhatian utama dalam pengembangan geopark sesuai dengan tiga pilar pengembangan geopark, yaitu konservasi, edukasi dan pembangunan ekonomi masyarakat secara berkelanjutan.

""Geopark sebagai sebuah produk wisata perlu terus dikelola melalui konsep pengembangan yang holistik dan integratif karena bersifat lintas sektor,"" katanya.

""Pemprov Jabar harus terus menggenjot pertumbuhan ekonomi melalui sektor pariwisata dan geopark di Jabar memiliki peluang yang sangat tinggi untuk terus dikembangkan,"" lanjut Dedi Taufik.

Baca juga: Pakar: Geopark Ciletuh rawan gempa dan tsunami

Baca juga: Seperempat juta lebih turis tumplek di Geopark Ciletuh
Ã?Â Pewarta: Ajat SudrajatEditor: Zita Meirina				COPYRIGHT Ã?Â© ANTARA 2019


 ",pemprov jabar geopark ciletuh,Kota Bandung Pemkot Bandung rutilahu west java calendar of event 2021 jabar dinas pariwisata dan kebudayaan jabar COVID-19 Bali vaksin COVID-19 jabar covid 19 vaksinasi tahap dua cianjur jalur puncak jalur puncak II pelantikan kepala daerah jabar pilkada serentak 2020 jabar Jalur tambang jalur puncak dua kabupaten bogor hari bahasa ibu digitalisasi aksara sunda pandi bank bjb cibadak culinary night festival qris cianjur pemprov jabar scan barcode pariwisata jamkrindo petani kopi Garut Tjahjo Kumolo ASN Cuti Bersama jamkrindo sukabumi jamkrindo perpustakaan digital geopark ciletuh unesco pemprov jabar Jamkrindo BUMN Direksi PT Jamkrindo Badan Usaha Milik Negara Perusahaan BUMN PT Jamkrindo Perusahaan BUMN UKM Saluyu Wisata Paralayang Sukabumi Gunung Keramat Sukabumi Geopark Ciletuh Palabuhanratu PT Jamkrindo Geopark Ciletuh Palabuhanratu Objek Wisata
antaranews,https://ramadhan.antaranews.com/berita/900853/minibus-bak-terbuka-terjun-ke-jurang-di-jalur-menuju-geopark-ciletuh,"
								Sukabumi, Jabar (ANTARA) - Mininus Hilux bak terbuka bernomor polisi B 9501 SAH yang melaju dari arah Sukabumi menuju Simpenan, Kabupaten Sukabumi, Jawa Barat terjun ke jurang sedalam tiga meter di jalur utama menuju kawasan Geopark Ciletuh.

""Tidak ada korban pada kecelakaan tunggal ini di Jalan Gunung Pamungguhan, Ciawi Tali, Kecamatan Simpenan, pengendara pun sudah dievakuasi dan dilarikan ke Puskesmas terdekat yang hanya mengalami luka lecet di beberapa bagian tubuhnya,"" kata Kapolsek Simpenan AKP Aguk Khusaini di Sukabumi, Senin.

Informasi yang dihimpun, minibus tersebut melaju dari arah Sukabumi menuju Simpenan dengan kecepatan normal. Namun diduga karena sopir mengantuk dan kondisi jalan banyak tikungan, pengendara tidak bisa mengendalikan mobilnya akhirnya menabrak pohon randu dan terguling ke jurang sedalam sekitar tiga meter.

Karena pada saat kejadian jalan tersebut jarang dilalui kendaraan sehingga petugas kepolisian menerima laporan beberapa menit dari kejadian. Mendapat adanya kecelakaan lalu lintas polisi langsung menuju lokasi untuk mengevakuasi korban dan kendaraan dari dalam jurang.

Dari hasil olah tempat kejadian perkara (TKP) dan meminta keterangan dari korban, kecelakaan tunggal ini karena sopir mengantuk dan tidak bisa mengendalikan kendaraannya sehingga oleng ke bahu jalan dan menabrak pohon serta mobilnya tergelincir ke dalam jurang.

""Kami mengimbau kepada warga apalagi pada libur lebaran jalur ini banyak dilalui kendaraan agar selalu berhati-hati sebab rawan terjadi kecelakaan. Jika mengantuk alangkah baiknya menepi dahulu untuk beristirahat dan kondisi kendaraan pun harus benar-benar layak jalan apalagi tujuannya ke objek wisata Geopark,"" tambahnya.

Aguk mengatakan meskipun proses evakuasi mobil ini banyak warga yang menonton tetapi tidak menyendat arus lalu lintas di sekitar TKP dan kondisinya lancar sebab jalan ini jarang dilalui kendaraan.							",Ditlantas Polda Malut canangkan zona integritas menuju WBK dan WBBM,
antaranews,https://www.antaranews.com/video/776375/geopark-ciletuh-surganya-olah-raga-selancar,"











								(Antara) - Geopark Ciletuh Palabuhanratu, Kabupaten Sukabumi, Jawa Barat, menjadi surganya tempat para peselancar pemula maupun profesional, dalam mengasah keahliannya. Perairan laut di daerah ini pun menjadi tujuan wisatawan baik domestik maupun mancanegara, untuk menikmati keindahan panorama alam. 
","Disbudpar Jambi tata enam objek wisata dengan konsep terpadu Puncak Gundaling, destinasi wisata persinggahan menuju kawasan Danau Toba Sandi Uno rencakan wisata berbasis vaksin di 5 destinasi di Bali Menelusuri jejak cacing purba 30 juta tahun lalu di Yogyakarta","Jambi fokuskan antisipasi dan koordinasi cegah karhutla Vaksinasi tahap 2, Pemprov Jambi sasar ASNÂ dan lansia Mengenal perempuan pertama Penjabat Gubernur Jambi Pejabat fungsional Pemprov Jambi diminta ciptakan inovasi kerja Kampanye Eksotisme Lombok dorong penggunaan produk lokal Kilas NusAntara Siang Mengapresiasi â??Eksotisme Lombokâ?? selama Maret Melongok kampung pengukir di Pulau Samosir Jumlah vaksin kurang, baru 5.229 orang di Sumbar ikut vaksinasi tahap 2 Kilas NusAntara Edisi COVID-19 Percepat vaksinasi, Jabar siapkan gedung berdaya tampung besar Kilas NusAntara Pagi Gunungkidul maksimalkan pengembangan Geopark Gunung Sewu Batu Basiha, keunikan alam akibat letusan Gunung Toba Budidaya anggur impor di Gunungkidul Konservasi air, komunitas masyarakat Gunungkidul tanam beringin"
antaranews,https://www.antaranews.com/berita/776237/pakar-geopark-ciletuh-rawan-gempa-dan-tsunami,"
Di lokasi geopark ini terdapat lempeng bumi yakni Cimandiri, jika terjadi gempa longsor maka akan terjadi tsunami lokalSukabumi, Jabar, 9/12 (ANTARA News) - Pakar tsunami Institut Teknologi Bandung (ITB) Dr Eng Hamzah Latief mengatakan dari hasil penelitian yang dilakukan timnya, wilayah Geopark Ciletuh, Palabuhanratu, Kabupaten Sukabumi, Jawa Barat, merupakan daerah rawan terjadi gempa dan tsunami.

""Di lokasi geopark ini terdapat lempeng bumi yakni Cimandiri, jika terjadi gempa longsor maka akan terjadi tsunami lokal,"" kata Hamzah dalam seminar bertema ""Potensi Tsunami Palabuhanratu"" di Sukabumi, Minggu.

Namun ia mengemukakan bahwa gempa dan tsunami tidak bisa diprediksi kapan akan terjadi, namun tetap saja harus diwaspadai karena potensi itu ada.

Bahkan, dirinya sudah lama melakukan penelitian tersebut, yakni jika terjadi tsunami imbasnya pun akan dirasakan sampai ke beberapa daerah.

Selain Sukabumi, katanya, DKI Jakarta pun ternyata rawan terjadi tsunami. Namun dari hasil penelitian tinggi gelombang tsunaminya hanya 1,2 meter, tapi yang harus diwaspadai adalah kekuatan arusnya.

Untuk wilayah perairan laut Sukabumi tinggi gelombang jika terjadi tsunami memang cukup tinggi, karena wilayah Palabuhanratu persis berada di atas patahan Cimandiri. Sehingga, jika terjadi gempa berpotensi tsunami hampir seluruh pantai terkena dampaknya mulai dari Pantai Ujung Genteng di Kecamatan Ciracap.

""Diperkirakan jika terjadi tsunami yang terkena dampaknya mencapai 890 gedung pemerintah dan sekitar 5 ribu rumah dan fasilitas lainnya,"" tambahnya.
Ã?Â 
Ã?Â 


Hamzah pun membuat peta evakuasi di wilayah perairan laut Sukabumi dan ""shelter"" sehingga jika terjadi bencana tersebut masyarakat harus lari ke lokasi jalur evakuasi dan harus menjauh dari bibir pantai.

Tidak kalah penting, kata dia, masyarakat pun harus tahu ciri-ciri akan terjadinya tsunami, yakni di antaranya terjadi gempa, air di pantai surut, dan biasanya ada suara gemuruh dan berkabut di tengah laut.

""Yang harus dilakukan jika terjadi tsunami agar segera lari ke dataran tinggi atau bangunan yang memang tahan terhadap gelombang tersebut,"" demikian Hamzah Latief.

Baca juga: Geopark CIletuh bagian geopark global UNESCO

Baca juga: Jabar harus pertahankan Ciletuh-Pelabuhanratu geopark dunia

Baca juga: Ada Puncak Aher di Taman Bumi CiletuhPewarta: Aditia Aulia RohmanEditor: Andi Jauhary				COPYRIGHT Ã?Â© ANTARA 2018


 ",pakar Geopark Ciletuh Sukabumi rawan gempa dan tsunami,"BPJS Kesehatan Mendengar tiga metode Pelayanan BPJS Kesehatan antrean dan diskriminasi BPJS Kesehatan Mendengar Dinkes Kota Bandung virus Epidemiolog Ugm Covid-19 Kosgoro Pertamina Program langit biru bbm ramah lingkungan Komisi III DPR DPR RKUHP tertib hukum pandemi covid-19 sertifikat tanah kementerian atr badan pertanahan nasional LAPAN teknologi modifikasi cuaca Hujan ekstrem jakarta PandemiÂ corona, Royal Enfield tangguhkan operasi di seluruh dunia Royal Enfield rilis enam varian Bullet 350 sekaligus  View this post on Instagram BHAKTI SOSIAL di 4 lokasi sepanjang Unesco Geopark Ciletuh Sukabumi Selatan bersama Kapolda, Pangdam, Kajati dan Kapengti Jawa Barat dalam rangka Hari Bhakti Adhiyaksa Kejaksaan 2020. Sukses selalu untuk keluarga besar Kejaksaan. Suatu saat #kitapastimenang melawan pandemi covid.  Ridwan Kamil Perluas pasar di Indonesia, Royal Enfield rangkul Nusantara Group Royal Enfield kini hadir di Tokopedia Royal Enfield perpanjang masa garansi hingga tiga bulan ridwan kamil royal enfield royal enfiled batte; green UI wisata camping cisarua jamkrindo hut 50 penjaminan Pariwisata Sukabumi Pemkab Sukabumi geopark ciletuh jamkrindo ciletuh geopark Sertifikasi usaha pariwisata Kulon Progo Dispar Kulon Progo vokasi UI UI Depok tarif UI Geopark Ciletuh Palabuhanratu Sekda Kabupaten Sukabumi Pemkab Sukabumi Vokasi UI Geopark Ciletuh pariwisata sukabumi pakar Geopark Ciletuh Sukabumi rawan gempa dan tsunami pantai bengkulu pantai panjang bengkulu pumma gempa sulbar bmkg Gempa bumi Gempa Turki BMKG potensi tsunami peringatan dini tsunami mitigasi gempa ntt kupang Sistem Peringatan Dini Bencana Warning Reciever System WRS New Generation Berita Padang berita sumbar BMKG BMKG Bali WRS NewGen selter pengungsi penyediaan selter penanganan korban bencana Joserizal Jurnalis Kapal Pinisi Lempeng Laut Maluku"
antaranews,https://www.antaranews.com/video/758490/festival-geopark-ciletuh-untuk-sukabumi-yang-kian-menarik,"











ANTARA - Dinas Pariwisata dan Kebudayaan, Provinsi Jawa Barat, menggelar Festival Unesco Global Geopark Ciletuh, akhir pekan lalu.Ã?Â  Acara tahunan itu digelar untuk mengenalkan keragaman hayati, geodiversity, dan keragaman budaya dengan tujuan meningkatkan daya tarik wisata Sukabumi sehingga didatangi oleh sebanyak-banyaknya wisatawan. 
",Membiasakan para siswa di sekitar Geopark Ciletuh untuk meminimalisasi sampah plastik Kampanye antisampah plastik untuk menjaga keasrian Geopark Ciletuh Surga wisata Geopark Ciletuh Palabuhan Ratu Tsunami Selat Sunda pengaruhi wisata pantai Sukabumi,"Upaya kantor imigrasi antisipasi penyebaran virus corona Kampanye antisampah plastik untuk menjaga keasrian Geopark Ciletuh Rindu Semilir, pasar antisampah plastik Kabupaten Sukabumi mulai panen raya beras Kebun Binatang Cahaya Langgeng mulai ramai dikunjungi Sensasi makan di tengah aliran sungai Coban Tarzan Menikmati matahari terbenam di Kota Padang dari Bukit Nobita Pesona Jemur Indah di bantaran sungai Lukulo KebumenÂ  Hari Aksara, ini pesan Menteri Nadiem Danau Toba resmi sandang Unescoa Global Geopark Peringati satu dasawarsa batik sebagai warisan budaya dunia Pengakuan UNESCO antarkan pencak silat mendunia BNPB serahkan ratusan hunian bagi korban tsunami di Pandeglang 7 wisatawan terseret ombak di Pantai Goa Cemara Bantul Gelombang pantai selatan masih tinggi hingga 3 hari ke depan Jambu kristal Tanwiji, si manis dari pantai selatan Jawa"
antaranews,https://www.antaranews.com/berita/723087/seperempat-juta-lebih-turis-tumplek-di-geopark-ciletuh,"
				Sukabumi, Jawa Barat (ANTARA News) - Badan Penyelamat Wisata Tirta (Balawista) Kabupaten Sukabumi menyatakan seperempat juta lebih atau sekitar 300 ribu wisatawan memadati objek wisata tirta di Geopark Ciletuh Palabuhanratu pada libur panjang dan cuti bersama Lebaran 2018.

""Jumlah wisatawan yang datang ke objek wisata di Kabupaten Sukabumi kemungkinan lebih dari 300 ribu orang, karena kami mencatat yang masuk objek wisata tirta saja seperti pantai, sungai dan air terjun,"" kata Ketua Harian Balawista Kabupaten Sukabumi Yanyan Nuryanto di Sukabumi, Minggu.

Menurut dia, hingga saat ini jumlah wisatawan yang datang ke objek wisata tirta di Kabupaten Sukabumi masih banyak, tetapi tidak membludak seperti saat musim liburan panjang.

Mayoritas wisatawan yang datang ke objek wisata tirta berasal dari luar daerah seperti Sukabumi, Jakarta, Bogor, Depok, Tangerang, Bekasi, Banten, Bandung, dan Cianjur.

Animo wisatawan tinggi karena penasaran setelah Unesco menetapkan Geopark Cileutuh Palabuhanratu sebagai taman alam batuan tua warisan dunia.

Selain itu, pantai di Sukabumi mempunyai keunikan dibandingkan daerah lain. Selama libur Lebaran tercipta antrean panjang kendaraan ke objek wisata laut seperti Palabuanratu.

""Objek wisata tirta Kabupaten Sukabumi memang selalu menjadi daerah tujuan wisatawan setiap tahunnya apalagi pada musim libur lebaran dan Tahun Baru. Ini membuktikan bahwa lokasi wisata ini menjadi andalan,"" kata Yanyan.

Baca juga: Sertifikat UNESCO untuk Taman Bumi Ciletuh telah terbitPewarta: Aditia Aulia RohmanEditor: Jafar M Sidik				COPYRIGHT Ã?Â© ANTARA 2018


 ",GeoPark Ciletuh Ciletuh Sukabumi,jamkrindo petani kopi Garut Tjahjo Kumolo ASN Cuti Bersama jamkrindo sukabumi jamkrindo perpustakaan digital geopark ciletuh unesco pemprov jabar Jamkrindo BUMN Direksi PT Jamkrindo Badan Usaha Milik Negara Perusahaan BUMN PT Jamkrindo Perusahaan BUMN UKM Saluyu Wisata Paralayang Sukabumi Gunung Keramat Sukabumi Geopark Ciletuh Palabuhanratu PT Jamkrindo Geopark Ciletuh Palabuhanratu Objek Wisata jamkrindo petani kopi Garut Tjahjo Kumolo ASN Cuti Bersama jamkrindo sukabumi jamkrindo perpustakaan digital geopark ciletuh unesco pemprov jabar Pariwisata Banten Jamkrindo BUMN Direksi PT Jamkrindo Badan Usaha Milik Negara Perusahaan BUMN PT Jamkrindo Perusahaan BUMN UKM Saluyu Donald trump ciletuh hilir cigombong Intani Tanihub Panen bmkg cilacap cuaca jateng selatan Hilang Tenggelam Pantai Palabuhanratu Kabupaten Sukabumi Pembebasan lahan Ciliwung sungai ciliwung pembangunan tanggul banjir desy ratnasari ridwan kamil pan BMKG Peringatan dini cuaca Hujan es Polres Sukabumi Kota Satreskrim Polres Sukabumi Kota Curanmor EDHY PRABOWO ANDREAU MISANTA PRIBADI SUAP BENUR pkt pupuk kaltim usaha binaan pkt inovator 4.0 budiman sudjatmiko desa maju
antaranews,https://www.antaranews.com/foto/719853/wisata-geopark-ciletuh-palabuhan-ratu,"
Wisata Geopark Ciletuh Palabuhan Ratu
											Sejumlah kendaraan melintas di jalan perbukitan dekat Pantai Ciletuh, di kawasan Geopark Ciletuh Palabuhan Ratu, di Sukabumi, Jawa Barat, Selasa (19/6/2018). Kawasan Geopark yang dikelilingi hamparan alluvial batuan unik dan pantai tersebut itu menjadi destinasi wisata favorit bagi wisatawan lokal untuk memanfaatkan liburan panjang. (ANTARA FOTO/Risky Andrianto)
										",Liga Italia: AC Milan tekuk  Verona 2-0 Liga Inggris:  Liverpool vs Fulham Wisata Gili Meno,Pembongkaran kios dan lahan bekas pangkalan truk jalur Pantura Banyuputih Foto Pilihan pekan pertama Maret 2021 AHY datangi Kemenkumham Pembongkaran kios dan lahan bekas pangkalan truk jalur Pantura Banyuputih Foto Pilihan pekan pertama Maret 2021 AHY datangi Kemenkumham Rapat Paripurna Pembukaan Masa Persidangan DPR Vaksinasi COVID-19 untuk sopir transportasi umum Gresik Sosialiasai pembayaran e-retribusi
antaranews,https://www.antaranews.com/berita/715991/jabar-harus-pertahankan-ciletuh-pelabuhanratu-geopark-dunia,"
				Bandung (ANTARA News) - Gubernur Jawa Barat Ahmad Heryawan mengadakan syukuran atas disahkannya Geopark Ciletuh-Palabuhanratu oleh Organisasi Pendidikan, Keilmuan, dan Kebudayaan PBB (UNESCO) menjadi UNESCO Global Geopark (UGG) periode 17 April 2018 hingga 16 April 2022.

""Tidak mudah untuk mendapat pengakuan dari UNESCO dan apalagi untuk bisa mempertahankannya,"" ujar mantan Dubes/Dewatap RI di UNESCO Prof T. A. Fauzi Soelaiman kepada Antara di Bandung, Senin.

Menurut Prof Fauzi, Bupati Sukabumi menyatakan dibutuhkan waktu lebih dari 13 tahun sejak ide agar Geopark Ciletuh-Palabuhanratu dapat dibentuk dan kemudian dapat diakui oleh badan khusus PBB yang didirikan pada 1945 ini, sebagai bagian dari UNESCO Global Geopark (UGG) .

Dikatakannya, proses untuk Geopark Ciletuh-Palabuhanratu dapat mengikuti UNESCO Global Geopark (UGG) menempuh perjalanan panjang, bahkan untuk sampai ke sana dibutuhkan waktu lima jam dari Bandung pada akhir tahun yang lalu.

Tidak heran pada bulan suci Ramadhan, Gubernur Jabar Ahmad Heryawan atau yang akrab disapa Aher itu mengadakan acara khusus Syukuran atas Penetapan Geopark Ciletuh-Palabuhanratu sebagai UGG di Gedung Sate, Minggu.

Dalam acara syukuran itu Gubernur Aher juga menyerahkan piagam penghargaan kepada sejumlah pihak yang terlibat termasuk Prof T. A. Fauzi Soelaiman, mantan Dubes/Dewatap RI untuk UNESCO ini sebagai bagian dari tim yang telah berperan aktif dalam proses pencapaian Geopark Ciletuh Palabuhanratu menjadi UNESCO Global Geopark (UGG).

Geopark Ciletuh-Palabuhanratu mendapat pengesahan sebagai bagian dari jaringan Global Geopark bersama 12 geopark lainnya dalam salah satu sidang komisi di Sidang Executive Board UNESCO ke 204 di Paris, Prancis tanggal 17 April yang lalu.

Setelah melalui proses penjurian sejak bulan Agustus tahun lalu, akhirnya Geopark Ciletuh - Palabuhanratu resmi ditetapkan sebagai Geopark Dunia UNESCO atau UNESCO Global Geopark (UGG).

Pengesahan disampaikan dalam Sidang Executive Board UNESCO ke 204, Komisi Programme and External Relations, (17/4) di Paris, Prancis artinya Geopark Ciletuh Palabuhanratu menjadi satu-satunya kawasan yang ?berada di Jawa Barat yang diakui dunia.

Selain Ciletuh, Unesco mengesahkan 12 geopark dari 11 negara sebagai UGG yang salah satunya Rinjani-Lombok, yang dari Indonesia pula, ujar Prof T. A. Fauzi Soelaiman.

Gubernur Aher mengakui Pemerintah Provinsi Jawa Barat berkomitmen untuk mempertahankan Geopark Ciletuh sebagai geopark dunia setelah ditetapkan menjadi bagian dari UGG periode 17 April 2018 hingga 16 April 2022.

""Pemerintah Provinsi Jawa Barat bersama berbagai pihak akan terus berupaya mempertahankan status geopark dunia tersebut setelah periode pertama ini berakhir,"" ujarnya.

Acara Syukuran atas Penetapan Geopark Ciletuh-Palabuhanratu sebagai UGG di Gedung Sate, Minggu ditandai dengan penyerahan sertifikat dari UNESCO yang ditandatangani oleh Dirjen UNESCO, oleh Ketua Harian Komisi Nasional Indonesia untuk UNESCO (KNIU), Prof. Arief Rachman, kepada Gubernur Jawa, Barat Ahmad Heryawan.

Oleh Gubernur Jawa Barat, sertifikat tersebut kemudian diberikan kepada Bupati Sukabumi untuk dapat disimpan disana.

Aher mengatakan penetapan Geopark Ciletuh Palabuhanratu menjadi UGG merupakan momentum untuk melestarikan alam dan budaya di ujung Jawa Barat tersebut dan pihaknya menyatakan kesiapannya bersama berbagai pihak terkait menjaga status geopark dunia tersebut.

Sejumlah program akan dilakukan untuk menjaga keanekaragaman geologi yang berusia sampai ratusan juta tahun di Ciletuh Palabuhanratu, Kabupaten Sukabumi.

Ketua Harian Komisi Nasional Indonesia untuk UNESCO, Prof Arief Rachman mengatakan berbagai pihak yang selama ini menjadikan Ciletuh Palabuhanratu menjadi geopark nasional dan dunia diharapkan mempertahankan status yang telah diraih.

Dikatakannya Geopark harus bisa menciptakan upaya memuliakan bumi, menyejahterakan masyarakat, dan mengagungkan Allah Pencipta Alam. Biasanya kalau ada alam yang indah, semua gerakan ke pariwisata, bagaimana semua orang datang ke sana.

""Tolong pertahankan apa-apa yang diunggulkan di sana, termasuk nilai kemanusiaan. Semua harus dijaga dan diatur, perlunya kerja sama pemerintah dengan masyarakat, akademisi, dan bantuan dunia bisnis, menjadi amanat untuk menjaga geopark. Jangan sampai rusak. Ini untuk periode 17 April 2018 sampai 2022. Jangan sampai 2022 sudah hancur, dicabut nanti,"" demikian Arief Rachman.

Universitas Padjadjaran sudah sejak lama terlibat dalam pembangunan Geopark Ciletuh -Palabuhanratu. Berbagai riset Unpad di Ciletuh menunjukkan produk akademik Unpad diakui dengan baik. Kontribusi Universitas Padjadjaran dalam mengembangkan Geopark Ciletuh-Palabuhanratu menjadi Geopark Global versi UNESCO semakin kuat.

Hal ini menjadi nilai tambah dibanding rencana pengusulan geopark lainnya di Indonesia, dimana Unpad menjadi satu-satunya perguruan tinggi yang terlibat dalam pengusulan geopark di Indonesia. Kawasan geopark Ciletuh telah ditetapkan menjadi kawasan Geopark Nasional sejak 2015 dengan luas area 45.820 ha mencakup 15 desa dan 2 kecamatan.

Dalam perkembangannya, kawasan Geopark Ciletuh meluas hingga mencapai wilayah Cisolok dan Palabuhanratu dengan peningkatan luas area menjadi 126.100 ha dan mencakup 74 Desa di 8 Kecamatan.

Terkait potensi wilayah Geopark Ciletuh Palabuhanratu, Ketua Pusat Penelitian Geopark dan Kebencanaan Geologi Unpad, Prof. Mega Fatimah Rosana, PhD, menyebut kawasan ini terbilang istimewa jika dilihat dari sudut geologi,?biodiversity, dan budaya.

Pada aspek Geologi, Ciletuh merupakan satu-satunya wilayah yang memiliki singkapan batuan tertua di Jawa Barat, berupa batuan langka ofiolit, metamorfik, dan batuan melange.

Batuan ini merupakan produk hasil tumbukan antar lempeng benua Eurasia dengan Samudera Hindia (Indo-Australian) sekitar 60 juta tahun yang lalu.

Kawasan Ciletuh juga memiliki batuan lanskap berbentuk setengah lingkaran menyerupai tapal kuda terbuka. Batuan tebing ini membentang dengan diameter bentangan sekitar 15 kilometer.

Bentangan ini banyak disebut sebagai amphiteater (teater alam) terbuka dengan banyak air terjun yang jatuh di sela tebing.

Di segi keanekaragaman hayati, Ciletuh memiliki ragam kawasan konservasi alam, mulai dari?nature reserve, wildlife reserve, forest conservation, dan taman nasional, serta memiliki kawasan konservasi penyu hijau.

Kawasan ini juga memiliki berbagai budidaya tambak, perkebunan, pertanian, dan hutan produksi. Sedangkan dari segi budaya, lanjut Guru Besar yang telah melakukan penelitian di Ciletuh sejak 2006, Ciletuh menyimpan kearifan lokal masyarakat Sunda yang masih terjaga hingga kini.

Mulai dari tinggalan mitos dan folklor, hingga berbagai tinggalan situs Megalitikum, tinggalan kolonial, serta Kampung Budaya Kasepuhan yang masih memegang kuat tradisi Sunda.

Di geopark ini setidaknya terdapat 67 titik yang harus dilestarikan, mulai dari pantai, kampung adat, geyser, puncak bukit, tempat bersejarah seperti jembatan, hotel, makam, gua, komplek bebatuan, air terjun, pulau, hutan, dan kawasan konservasi.

Baca juga: Jabar berkomitmen pertahankan Ciletuh sebagai Geopark DuniaPewarta: Zeynita GibbonsEditor: Suryanto				COPYRIGHT Ã?Â© ANTARA 2018


 ",geopark ciletuh ciletuh-pelabuhanratu ahmad heryawan,"jamkrindo petani kopi Garut Tjahjo Kumolo ASN Cuti Bersama jamkrindo sukabumi jamkrindo perpustakaan digital geopark ciletuh unesco pemprov jabar Jamkrindo BUMN Direksi PT Jamkrindo Badan Usaha Milik Negara Perusahaan BUMN PT Jamkrindo Perusahaan BUMN UKM Saluyu Wisata Paralayang Sukabumi Gunung Keramat Sukabumi Geopark Ciletuh Palabuhanratu PT Jamkrindo Geopark Ciletuh Palabuhanratu Objek Wisata Pencegahan COVID-19 Polres Sukabumi Forum Komunikasi SAR Daerah Upaya kantor imigrasi antisipasi penyebaran virus corona Kampanye antisampah plastik untuk menjaga keasrian Geopark Ciletuh Rindu Semilir, pasar antisampah plastik Kabupaten Sukabumi mulai panen raya beras Pusat Pemerintahan Pemkab Sukabumi Palabuhanratu Wuling Almaz resmi meluncur, harga Rp318,8 juta Berapa kisaran harga mobil bekas Wuling? Spesifikasi SUV Wuling Almaz Wuling bakal tambah investasi Rp9 triliun pada 2019 wuling wuling almaz SUV wuling pakar Geopark Ciletuh Sukabumi rawan gempa dan tsunami geopark ciletuh ciletuh-pelabuhanratu ahmad heryawan Sentra Vaksinasi Bersama COVID-19 untuk lansia Pembongkaran kios dan lahan bekas pangkalan truk jalur Pantura Banyuputih Foto Pilihan pekan pertama Maret 2021 unesco sidang unesco delegasi indonesia di unesco Geopark Nasional Kaldera Toba geopark toba geopark rakernas PKS 2021 pemenangan pemilu 2024 netty prasetiyani vaksinasi covid 19 vaksin tips aman ke tps pilkada serentak pilkada di tengah pandemi aher pks pks kalbar Kementan inovasi Pusat Penelitian PKS Majelis Syuro ahmad heryawan pilkada depok pemkot depok Hilmi Aminuddin protokol COVID-19 dimakamkan PKS Hilmi Aminuddin dimakamkan PUI persatuan ummat islam"
antaranews,https://www.antaranews.com/berita/715656/jabar-berkomitmen-pertahankan-ciletuh-sebagai-geopark-dunia,"
				Bandung (ANTARA News) - Pemerintah Provinsi (Pemprov) Jawa Barat berkomitmen untuk mempertahankan Geopark Palabuhanratu sebagai Geopark Dunia, karena Geopark Ciletuh telah ditetapkan menjadi Unesco Global Geopark (UGG) periode 17 April 2018 hingga 16 April 2022.

""Pemerintah Provinsi Jawa Barat bersama berbagai pihak pun berupaya mempertahankan status geopark dunia tersebut setelah periode pertama ini berakhir,"" kata Gubernur Jawa Barat Ahmad Heryawan atau Aher pada acara Syukuran dan Penetapan Geopark Ciletuh Palabuhanratu sebagai UGG di Gedung Sate, Minggu.

Penetapan ini ditandai dengan penyerahan sertifikat dari Unesco dan penandatanganan prasasti Geopark Ciletuh Palabuhanratu oleh Ketua Harian Komisi Nasional Indonesia untuk Unesco, Arief Rachman kepada Gubernur Jawa Barat Ahmad Heryawan.

Aher mengatakan penetapan Geopark Ciletuh Palabuhanratu menjadi UGG ini merupakan momentum untuk melestarikan alam dan budaya di ujung Jawa Barat tersebut dan pihaknya menyatakan kesiapannya bersama berbagai pihak terkait menjaga status geopark dunia tersebut.

Dia mengatakan sejumlah program akan dilakukan untuk menjaga keanekaragaman geologi yang berusia sampai ratusan juta tahun di Ciletuh Palabuhanratu, Kabupaten Sukabumi.

""Selain itu, harus dilestarikan juga keragaman flora, fauna, dan budayanya,"" kata Aher.

Di geopark ini setidaknya terdapat 67 titik yang harus dilestarikan, mulai dari pantai, kampung adat, geyser, puncak bukit, tempat bersejarah seperti jembatan, hotel, dan makam, gua, komplek bebatuan, air terjun, pulau, hutan, dan kawasan konservasi.

""Semenjak awal saat kita ingin perjuangkan Geopark Ciletuh Palabuhanratu, kita siap menjaga geodiversity atau keanekaragaman geologi yang berusia ratusan juta tahun, keanekaragaman hayati, dan budaya, yang terbentuk sejak lama,"" kata Aher.

Di bagian alam, kata Aher, akan dibuat program perbaikan tata kelola air untuk pertanian dan rumah tangga sehingga air yang melewati curug dan sungai tidak lagi berwarna coklat, melainkan bening.

""Pelestarian air dan kebersihan lingkungan, katanya, menjadi fokus tersendiri yang akan melibatkan berbagai pihak, di antaranya dunia pendidikan,"" katanya.

Keanekaragaman hayati, kata Aher, harus dijaga dengan penegakan hukum sehingga tidak mengubah ekosistem alam di Ciletuh Palabuhanratu dan pembangunan dan bisnis di area pariwisata pun akan diatur.

Lebih lanjut ia mengatakan kebudayaan dan eksistensi kampung adat harus dijaga untuk mempertahankan status UGG, termasuk keberadaan batik pakidulan dan kuliner setempat seperti opak, wajit, dan ulen.

""Aktivitas pariwisata sehingga ada dalam koridor yang benar, seiring dengan pelestarian alam dan penyejahteraan masyarakat. Hal ini diawali dengan pengaturan oleh pemerintah,"" katanya.

Sementara itu, Ketua Harian Komisi Nasional Indonesia untuk Unesco, Arief Rachman, mengatakan berbagai pihak yang selama ini menjadikan Ciletuh Palabuhanratu menjadi geopark nasional dan dunia, diharapkan mempertahankan status yang telah diraih tersebut.

Semua rekomendasi Unesco supaya Geopark Ciletuh Palabuhanratu tetap menjadi geopark dunia pada 2022, katanya, harus dilaksanakan.

Geopark ini, kata Arief, harus bisa menciptakan upaya memuliakan bumi, menyejahterakan masyarakat, dan mengagungkan Allah Pencipta Alam.

""Biasanya kalau ada alam yang indah, semua gerakan ke pariwisata, bagaimana semua orang datang ke sana. Tolong pertahankan apa-apa yang diunggulkan di sana, termasuk nilai kemanusiaan. Semua harus dijaga dan diatur,"" kata Arief.
Lebih lanjut ia mengatakan rakyat harus merasakan keunggulan yang mereka miliki di Ciletuh Palabuhanratu, Kabupaten Sukabumi dan pemerintah harus membuat peraturan untuk melindungi dan mengatur masyarakat di tengah aktivitas pariwisata, supaya masyarakat bisa merasakan kesejahteraan dari status geopark dunia.

""Perlunya kerja sama pemerintah ?dengan masyarakat, akademisi, dan bantuan dunia bisnis, menjadi amanat untuk menjaga geopark. Jangan sampai rusak. Ini untuk periode 17 April 2018 sampai 2022. Jangan sampai 2022 sudah hancur, dicabut nanti,"" katanya.Pewarta: Ajat SudrajatEditor: Ruslan Burhani				COPYRIGHT Ã?Â© ANTARA 2018


 ",geopark pelabuhanratu geopark ciletuk gubernur jabar,geopark pelabuhanratu geopark ciletuk gubernur jabar gelombang pasang jalur jogging geopark pelabuhanratu geopark pelabuhanratu geopark ciletuk gubernur jabar Partai Demokrat Dede Yusuf Agus Harimurti Yudhoyono ekonomi ptn jawa barat desy ratnasari ridwan kamil pan Covid-19 klaster pandemi Gunadi Varian B117 Corona bpbd jabar jumlah bencana alam di jabar bencana alam ridwan kamil bumd bank bjb rakornas bnpb mitigasi bencana protokol kesehatan ganjar pranowo Wiku Adisasmito Satgas COVID-19 Mutasi B117
antaranews,https://www.antaranews.com/foto/715643/penetapan-geopark-ciletuh-pelabuhanratu,"
Penetapan Geopark Ciletuh Pelabuhanratu
											Gubernur Jawa Barat Ahmad Heryawan (kedua kiri) berbincang dengan Sekda Provinsi Jawa Barat Iwa Karniwa (kedua kanan), Ketua Harian Komite Nasional Indonesia Untuk Unesco kemendikbud Arief Rachman (kanan) dan Bupati Sukabumi Marwan Hamami (kiri) saat penetapan dan syukuran Geopark Ciletuh di Gedung Sate, Bandung, Jawa Barat, Minggu (3/6/2018). Unesco menetapkan Geopark Ciletuh Palabuhanratu menjadi Unesco Global Geopark. (ANTARA FOTO/M Agung Rajasa)
										",Liga Italia: AC Milan tekuk  Verona 2-0 Liga Inggris:  Liverpool vs Fulham Wisata Gili Meno,Pembongkaran kios dan lahan bekas pangkalan truk jalur Pantura Banyuputih Foto Pilihan pekan pertama Maret 2021 AHY datangi Kemenkumham Pembongkaran kios dan lahan bekas pangkalan truk jalur Pantura Banyuputih Foto Pilihan pekan pertama Maret 2021 AHY datangi Kemenkumham Rapat Paripurna Pembukaan Masa Persidangan DPR Vaksinasi COVID-19 untuk sopir transportasi umum Gresik Sosialiasai pembayaran e-retribusi
antaranews,https://www.antaranews.com/berita/1101124/vokasi-ui-berdayakan-masyarakat-di-geopark-gunung-pongkor,"
Kami juga memberikan pelatihan dalam mengembangkan program dan pelaporan keuangan BUMDes dalam aktivitas pariwisata dan ekonomi kreatifDepok (ANTARA) - Tim Pengabdian Masyarakat Vokasi Universitas Indonesia (UI) memberikan sosialisasi dan bimbingan kepada masyarakat desa mengenai pemanduan wisata, pemasaran digital untuk produk-produk pariwisata dan produk lokal di Desa Bantarkaret Geopark Gunung Pongkor Bogor, Jawa Barat.

""Kami juga memberikan pelatihan dalam mengembangkan program dan pelaporan keuangan BUMDes dalam aktivitas pariwisata dan ekonomi kreatif,"" kata Ketua Pengabdian Masyakarat Vokasi UI Diaz Pranita di Kampus UI Depok, Senin.

Diaz yang juga Kepala Laboratorium Program Studi Pariwisata Vokasi UI mengatakan upaya untuk memberdayakan masyarakat dan menghilangkan praktik penambangan emas illegal sangat penting untuk menjadikan Geopark Gunung Pongkor menuju UNESCO Global Geopark.

Program dilaksanakan dalam 6 bulan yang terdiri atas rangkaian workshop, survei lokasi dan pendampingan. Salah satu output kegiatan ini adalah buku saku untuk panduan wisata Gunung Pongkor yang dapat digunakan oleh pemandu wisata. Desa Bantarkaret merupakan lokasi utama Geopark Gunung Pongkor yang memiliki warisan bumi signifikan.

Dikatakannya Geopark yang merupakan tambang emas aktif di Indonesia, membangun Geopark Gunung Pongkor memiliki tantangan khusus karena harus mampu mengalihkan kegiatan penambangan emas ilegal yang telah menyebabkan banyak bencana dan memakan banyak korban.

""Meningkatkan kapasitas masyarakat khususnya para gurandil pada aktivitas pariwisata merupakan tantangan besar karena nilai emas yang tinggi menjadi aspek trade off dari upaya pelestarian lingkungan dan kekayaan geologi serta kegiatan pariwisata yang memerlukan prasyarat atraksi yang menarik, akses informasi dan kemudahan wisatawan mencapai daerah tujuan wisata, serta ketersediaan fasilitas wisatawan yang memadai,"" katanya.

Baca juga: Antisipasi bencana, Vokasi UI ingatkan pentingnya kelola arsip vital

?Baca juga: Vokasi UI dorong pemuda berbisnis??????

Tetapi dengan konten produk wisata yang kuat, kami memiliki keyakinan bahwa apabila dikemas dengan tepat dan pemberdayaan masyarakat difokuskan untuk penyediaan fasilitas wisatawan yang berkualitas maka keinginan ini dapat terwujud.

Dengan mulai dikenalnya Gunung Pongkor sebagai Geopark Nasional yang diharapkan dapat diajukan menjadi anggota UNESCO Global Geopark, maka diharapkan dapat meningkatkan akselerasi pembangunan di sektor pariwisata dan meningkatkan kesejahteraan masyarakat setempat secara signifikan.

Anggota Pengabdian Masyarakat Vokasi UI, Marsdenia mengatakan mengatakan untuk mempercepat pemberdayaan masyarakat dalam bidang pariwisata, Desa Bantarkaret dapat mengembangkan BUMDes yang dikelola secara professional dan ditujukan untuk mencapai kesejahteraan masyarakat.

""Saat ini kelemahan masyarakat adalah dalam membuat proposal dan mempertanggungjawabkan keuangan pengelolaan BUMDes. Oleh karena itu, pada kesempatan ini, Program Vokasi UI juga akan membantu BUMDes Desa Bantarkaret agar dikembangkan dengan azas good governance,""Ã?Â  kataÃ?Â Marsdenia.

Baca juga: Vokasi UI bantu pasarkan lampu hias Lombok melalui toko 'online'

Baca juga: Begini cara Vokasi UI mendorong ekonomi lokal via UMKM dan seni
Ã?Â Pewarta: Feru LantaraEditor: Ahmad Buchori				COPYRIGHT Ã?Â© ANTARA 2019


 ",Gunung Pongkor pariwisata pongkor Vokasi UI,Penambang emas tertimbun gunung pongkor kabupaten bogor UI wisata camping cisarua lulusan okupasi terapi UI Vokasi UI UI Desa tangguh bencana destana ade yasin Banjir bandang tambang emas tambang ilegal tewas tertimbun longsor pekerja galian cianjur geopark bangka barat lsm laskar hijau kphp rambat menduyung Vokasi UI pemuda depok UI vokasi UI UI Depok pengmas vokasi UI Devie Rahmawati Universiti Malaya dosen Vokasi UI Gunung Pongkor pariwisata pongkor Vokasi UI ui ftui ui depok vokasi ui ui ui depok rsui ui mahasiswa ui snmptn ui ui mahasiswa baru ui Kemendikbud program vokasi program vokasi Kemendikbud vokasi ui ui depok komunikasi ui dies natalis UI ui ke-71 rektor ui FTUI UI universitas Indonesia vokasi ui ui depok program studi bisnis kreatif ui warek ui abdul haris
antaranews,https://www.antaranews.com/berita/986164/jokowi-dorong-taman-bumi-kaldera-toba-diakui-unesco,"
Ya itu yang tugasnya nanti Pak Gubernur, Pak Bupati, termasuk juga nanti di kementerianJakarta (ANTARA) - Presiden Joko Widodo mendorong agar Taman Bumi Kaldera Toba, Sumatera Utara, bisa diakui dan masuk Jaringan Taman Bumi Global UNESCO.

Ã?Â?Ya itu yang tugasnya nanti Pak Gubernur, Pak Bupati, termasuk juga nanti di kementerian,Ã?Â? kata Presiden saat ditanya jurnalis terkait Taman Bumi Kaldera Toba, di Tano Ponggol usai menyambangi Taman Bumi (Geopark) Kaldera Toba di Desa Sigulatti, Kabupaten Samosir, Rabu.

Presiden bersama Ibu Negara Iriana Joko Widodo melanjutkan kunjungan kerjanya di Provinsi Sumatera Utara dengan Taman Bumi ini yang merupakan salah satu ikon pariwisata di Sumatera Utara yang memadukan keragaman geologi, hayati, dan budaya

Dalam rilis Biro Pers dan Media Setpres RI, Presiden dan Ibu Iriana saat tiba di lokasi langsung masuk ke dalam gedung Taman Bumi. Di dalam gedung tersebut terdapat teater mini di mana Presiden menyimak penjelasan tentang sejarah terbentuknya Danau Toba dan tentang kearifan lokal setempat.

Untuk diketahui, mengutip laman resmi Jaringan Taman Bumi Global UNESCO, Indonesia telah memiliki empat taman bumi yang sudah diakui UNESCO, yaitu Gunung Batur di Bali, Ciletuh di Jawa Barat, Gunung Sewu di Jawa Timur, dan Rinjani di Lombok.

Menteri Pariwisata (Menpar) Arief Yahya dalam keterangan tertulisnya menjelaskan bahwa pengembangan kawasan Danau Toba didasarkan pada tiga faktor utama, yakni atraksi, aksesibilitas, dan amenitas (3A).

Dari sisi atraksi, pengembangan dilakukan dengan mengacu pada standar kualifikasi sertifikasi UNESCO Global Geopark (UGG).

Ã?Â?Saat ini sedang diproses aplikasi UGG, ditargetkan tahun ini akan tersertifikasi. Kemudian akan dibangun 16 geosite yang tersebar di seluruh kabupaten di sekitar Danau Toba,Ã?Â? kata Menpar.

Saat hendak meninggalkan gedung Taman Bumi, Presiden dan Ibu Iriana menyempatkan mencicipi kopi lokal yang dijajakan di sebuah stan. Di stan lainnya, tampak dipamerkan komoditas pertanian lain seperti bawang merah dan buah mangga.

Turut mendampingi Presiden dan Ibu Iriana saat meninjau Taman Bumi Kaldera Toba antara lain, Menteri Koordinator bidang Kemaritiman Luhut Binsar Panjaitan, Menteri Pariwisata Arief Yahya, Menteri Pekerjaan Umum dan Perumahan Rakyat Basuki Hadimuljono, Menteri Perhubungan Budi Karya Sumadi, Kepala Staf Kepresidenan Moeldoko, dan Gubernur Sumatera Utara Edy Rahmayadi.

Baca juga: Presiden ingin pariwisata Danau Toba dipromosikan besar-besaran
Baca juga: Hotel berbintang berdampak positif untuk petani di sekitar Danau TobaPewarta: Joko SusiloEditor: Ahmad Wijaya				COPYRIGHT Ã?Â© ANTARA 2019


 ",Presiden Jokowi,Menteri luar negeri retno Marsudi vaksin astrazeneca bppt akuisisi teknologi hammam riza covid-19 b117 Dinkes Kota Bandung virus lebak jokowi cinta produk aa Epidemiolog Ugm Covid-19 Komisi III DPR DPR RKUHP Menko airlangga inklusi keuangan pemulihan ekonomi luhut binsar pandjaitan menteri suhail uni emirat arab sri mulyani spt pajak spt tahunan
antaranews,https://www.antaranews.com/berita/1050906/taman-bumi-gunungsewu-pertahankan-keanggotaan-di-unesco-global-geopark,"
				Gunung Kidul (ANTARA) - Taman Bumi atau Geopark Gunungsewu di Kabupaten Gunung Kidul, Daerah Istimewa Yogyakarta, memperoleh kartu hijau (green card) dari Organisasi Pendidikan, Keilmuan, dan Kebudayaan Perserikatan Bangsa-Bangsa (UNESCO) karena mampu mempertahankan keanggotaan di UNESCO Global Geopark.

Sekretaris Dinas Pariwisata Gunung Kidul Hary Sukmono di Gunung Kidul, Minggu, mengatakan berdasarkan sidang dari Dewan UNESCO yang membidangi geopark menyimpulkan bahwa hasil revalidasi Geopark Gunungsewu masih layak menjadi anggota UNESCO Global Geopark (UGG).

""Dari hasil sidang UGG Council, Geopark Gunungsewu meraih kartu hijau atau green card,"" kata Harry.

Ia mengatakan hasil tersebut sesuai dengan harapan semua pihak. Pada saat revalidasi berlangsung, Pemkab Gunung Kidul berkeyakinan mampu mempertahankan status keanggotaan di UNESCO. Namun demikian, Pemkab Gunung Kidul belum mendapat surat resminya karena baru akan diserahkan pada saat acara konferensi UGG di Jeju, Korea Selatan di tahun depan.

""Yang jelas, hasil revalidasi sukses dan status dari UNESCO dapat dipertahankan,Ã?Â? katanya.

Ia mengatakan status UGG Gunungsewu yang diperoleh memiliki makna penting untuk keberadaan kawasan karts Gunungsewu. Menurut dia, dengan status tersebut, selain untuk menjaga keberadaan situs dengan upaya konservasi, juga berperan untuk program edukasi dan pemberdayaan masyarakat.

""Pengukuhan status memang dibutuhkan, tapi yang paling penting keberadaannya bisa memberikan manfaat. Selain itu, status UGG Gunungsewu dapat mempercepat pengembangan pariwisata Gunung Kidul, terlebih dengan dioperasikannya penerbangan internasional di Bandara Internasional Yogyakarta di Kulon Progo,"" katanya.

Ia mengatakan penerbangan internasional diharapkan membawa wisatawan mancanegara ke objek wisata di Gunung Kidul. Sehingga, Gunung Kidul menjadi destinasi wisata unggulan di DIY, khususnya wisata pantai.

""Saat ini, jumlah wisatawan mancanegara yang ke Gunung Kidul sudah mencapai 23 ribu, dengan adanya penerbangan internasional diharapkan lebih banyak lagi wisatawan yang ke Gunung Kidul,"" harapnya.

Anggota Fraksi PKS DPRD Gunung Kidul Ari Siswanto mengatakan status UGG Gunugsewu harus memberikan manfaat, baik untuk masyarakat maupun pemkab.

""Potensi yang dimiliki harus benar-benar dimanfaatkan, salah satunya dalam upaya pengembangan sektor kepariwisataan. Jadi, potensi ini benar-benar harus dimanfaatkan sehingga status UGG bisa memberikan dampak yang baik,Ã?Â? katanya.

Baca juga: Gunung Kidul siapkan aturan pengelolaan Geopark Gunungsewu
Baca juga: Sempat ditolak, kawasan karst Pacitan masuk Jaringan Geopark GunungsewuPewarta: SutarmiEditor: Faisal Yunianto				COPYRIGHT Ã?Â© ANTARA 2019


 ",Kartu hijau UNESCO Global Geopark Gunungsewu,langkah pembatasan covid 19 israel perdana menteri benjamin netanyahu Geopark Gunung Sewu Gunung Kidul ruth bader ginsburg RBG hakim agung AS amerika serikat Presiden Donald Trump imigrasi Bpjs kesehatan JKN-kis Barabai Donald Trump Amerika Serikat Corona donald trump imigrasi kartu hijau Danau toba geopark kaldera toba Kartu hijau UNESCO Global Geopark Gunungsewu aptorum Gerakan Bangga Buatan Indonesia Beli Kreatif Danau Toba Geosite Batu Basiha NTB Lombok Sumbawa danau toba gerakan bangga berwisata di indonesia gernas bbi danau toba destinasi wisata super prioritas bangga berwisata di indonesia geopark belitung jamkrindo sukabumi kementerian pupr konstruksi jembatan geopark ciletuh unesco pemprov jabar Wisatawan Belanda Gunung Tambora Alami Kecelakaan 70 tahun indonesia unesco unesco delegasi tetap RI untuk unesco Tourist Information Center Pusat informasi kegeologian Dispar Gunung Kidul geopark Natuna UNESCO Kepulauan Natuna Geopark Gunungsewu UNESCO Gunung Kidul Kartu hijau UNESCO Global Geopark Gunungsewu geopark pegunungan karst pacitan taman bumi dunia gunungsewu geopark gunung kidul geopark gunungsewu wisata yogyakarta wisata gunung kidul pantai gunung kidul gunung sewu gunungsewu geopark gunung sewu gunungsewu taman bumi global geopark network
antaranews,https://www.antaranews.com/berita/1197308/pemkab-bogor-undang-menteri-dan-13-kepala-daerah-bahas-perbatasan,"
				Cibinong, Bogor (ANTARA) - Pemerintah Kabupaten (Pemkab) Bogor Jawa Barat mengundang menteri Kabinet Indonesia Maju (KIM) dan 13 kepala daerah pada acara Borderline Economic Summit (BES) di Hotel Royal Tulip Gunung Geulis Bogor pada 12 Desember 2019, untuk membahas perbatasan di Kabupaten Bogor.

Sekretaris Dinas Penanaman Modal dan Pelayanan Terpadu Satu Pintu (DPMPTSP) Kabupaten Bogor, Agus Ridhallah, Jumat, mengatakan bahwa BES diinisiasi oleh Pemkab Bogor untuk memecahkan permasalahan di wilayah perbatasan Kabupaten Bogor dengan 10 daerah lain di tiga provinsi.

""Sampai saat ini 80 persen sudah ok, persiapan sudah kita siapkan terutama dari aspek teknis,"" ujarnya kepada Antara di Cibinong, Kabupaten Bogor.

Baca juga: Bupati Bogor curhat masalah perbatasan wilayah ke Gubernur Emil

Agus mengatakan, jajaran Kabinet Indonesia Maju yang diundang antara lain Kepala BAPPENAS, Kepala BKPM, Menteri Pariwisata dan Ekonomi Kreatif, Menteri Perhubungan, dan Menteri PUPR.

Sedangkan 13 kepala daerah yang diundang yaitu terdiri dari tiga gubernur dan 10 wali kota dan bupati. Mereka adalah Gubernur Jawa Barat, Gubernur DKI Jakarta, Gubernur Banten, kemudian Wali Kota Bogor, Wali Kota Depok, Wali Kota Tangerang Selatan, Wali Kota Bekasi, Bupati Tangerang, Bupati Cianjur, Bupati Sukabumi, Bupati Purwakarta, Bupati Karawang dan Bupati Lebak.

Sementara itu, Kepala Badan Perencanaan Pembangunan Penelitian dan Pengembangan Daerah (Bappedalitbang) Kabupaten Bogor, Syarifah Sofiah mengatakan bahwa BES sengaja digelar sebagai upaya percepatan pembangunan di wilayah perbatasan.

Baca juga: Bupati ajak 200 perusahaan di Bogor bangun infrastruktur Piala Dunia

""Agar akselerasi pembangunan infrastruktur dan laju percepatan ekonomi di daerah yang berbatasan langsung dengan wilayah Kabupaten Bogor bisa cepat tumbuh,"" kata perempuan yang akrab disapa Ipah itu.

Ia membeberkan, akan ada delapan isu strategis yang akan dibahas pada forum BES ini, yaitu pembangunan Jalur Poros Timur Tengah (PTT) atau Jalur Puncak Dua, pengembangan Kawasan Berorientasi Transit (TOD) pada impul LRT, pengembangan Kawasan Berorientasi Transit (TOD) pada simpul Kereta Api, pembangunan Jalan Khusus Tambang, pengembangan Twin Geopark Pongkor-Ciletuh, penanganan Das Kali Bekasi, penghubung Tol Cimanggis-Cibitung, serta pengendalian banjir di Kawasan Hulu.Pewarta: M Fikri SetiawanEditor: Budi Suyanto				COPYRIGHT Ã?Â© ANTARA 2019


 ",Borderline economic summit kabupaten bogor wilayah perbatasan,"Jalur puncak dua ptt suharso manoarfa Kawasan puncak bogor destinasi wisata nasional ade yasin Dob bogod barat fraksi gerindra kabupaten bogor Wagub jabar uu ruzhanul ulum sungai cileungsi Borderline economic summit bes 2019 kabupaten bogor Bes 2019 lima kesepakatan protokol bogor Borderline economic summit bes 2019 kabupaten bogor Borderline economic summit kabupaten bogor wilayah perbatasan Ade yasin bupati bogor curhat ke ridwan kamil Bupati bogor lantik kepala puskesmas kabupaten bogor Vaksinasi guru kabupaten bogor jawa barat Bupati bogor ade yasin prokes Jelang misa dalam kunjungan Paus Fransiskus di Mosul Potensi gempa Sesar Lembang Pembangunan jembatan Jalan Lintas Sumatera ikan hias pusat koi dan maskoki nusantara kkp Pemkab bogor universitas padjajaran ade yasin Vaksin COVID-19 langka, warga Paraguay demo turun ke jalan Pemulihan trauma anak pascabanjir di Pekalongan Papua Barat mulai gelar pembelajaran tatap muka Asabri korupsi asabri kejaksaan agung Sby soal klb ksp moeldoko cikeas bogor Ade yasin bupati bogor pengawasan sumber daya perikanan pemprov sulut psdkp kkp Presiden Joe Biden partai republik juru bicara gedung putih Pangdam satgas pamtas NTT Pangdam satgas pamtas ri-rdtl satgas tni perbataan amfoang sekolah perbatasan tentara China tewas bentrokan tentara China dan India konflik India-China satgas karhuitla penghargaan untuk satgas karhutla penanggulangan karhutla penyelundupan rokok ukraina diplomat ukraina ditahan penyelundupan diplomat ukraina pasukan perbatasan ri"
antaranews,https://www.antaranews.com/berita/815290/antam-kembangkan-taman-buah-nusantara-di-bogor,"
				Bogor (Antara News) - PT Aneka Tambang Tbk (Antam) mengembangkan Taman Buah Nusantara di Kecamatan Nanggung, Kabupaten Bogor, Jawa Barat.Di program ini Antam mengembangkan 515 bibit 14 varian buah asli Indonesia di lahan seluas dua hektar.Kabarnya program ini merupakan upaya Antam mewujudkan fungsi pendidikan dan peningkatan ekonomi masyarakat serta pengembangan sosial dan wisata.Dalam keterangan tertulisnya, program ini juga masih dalam rangka penguatan Geopark Pongkor yang tahun lalu diresmikan oleh Menteri Pariwisata Arief Yahya. Taman Bumi ini juga telah menjadi perhatian untuk menjadi Jaringan Geopark Global UNESCO.Direktur Human Capital dan CSR Antam Johan NB. Nababan mengatakan program Taman Buah Nusantara merupakan implementasi tanggung jawab sosial perusahaan (CSR), khususnya di sektor pelestarian alam sekaligus peningkatan ekonomi masyarakat.Ã?Â?Antam berharap program ini dapat memberikan nilai tambah baru dari produk budidaya Taman Buah Nusantara bagi masyarakat,Ã?Â? kata Johan Senin (25/3).Meski inisiasi program ini baru diumumkan, Antam sudah memulai pelaksanaannya sejak Desember 2018. Pelaksanaannya meliputi penataan lahan, penanaman bibit, pembangunan instalasi pengairan, dan perawatan serta pendampingan program.Johan juga menyatakan Antam berupaya melaksanakan program berkelanjutan yang mendukung peningkatan kemandirian masyarakat.""Taman Buah Nusantara ini merupakan bagian dari rencana strategis pengembangan Kawasan GeoEcoEduTourism Geopark PongkorÃ?Â? tutur Johan.Program ini adalah upaya terbaru Antam setelah peresmian Museum Tambang dan Kawasan Wisata Cikaret yang telah terlebih dahulu masuk dalam Taman Bumi Nasional yang terletak di kawasan Bogor tersebut.Pewarta: PR WireEditor: PR Wire				COPYRIGHT Ã?Â© ANTARA 2019


 ",antam taman buah nasional,"vaksinasi menteri trenggono menteri kelautan dan perikanan 10 Kapal ikan asing ditenggelamkan di Batam Imigrasi Belakang Padang perkuat pengawasan di perairan perbatasan RS Untan rampungkan pengawasan seluruh urutan genom SARS CoV2 Tekan kekerasan di lapas & rutan, pengawasan & pelatihan diperkuat Bullion bank produksi emas emas nasional kementerian kelautan dan perikanan ikan endemik ikan belida Fenomena hari tanpa bayangan di Sulteng dimulai 14 Maret Perawat perempuan pejuang pandemi COVID-19 BNNP Kalbar gagalkan penyelundupan narkoba asal China Pembangunan Monumen Bela Negara di Sumbar tunggu Inpres penenggelaman kapal asing illegal fishing natuna penenggalaman kapal asing KKP hibahkan kapal asing untuk pendidikan penenggalaman kapal asing pemanfaatan kapal asing untuk pendidikan Emas Bullion bank Tambang emas penenggelaman kapal pencuri ikan pemberantasan illegal fishing kkp benih lobster kiara antam taman buah nasional"
antaranews,https://www.antaranews.com/berita/801240/dikembangkan-36-titik-geopark-di-meratus,"
				Banjarbaru (ANTARA News) - Pemerintah Provinsi Kalimantan Selatan berupaya mengembangkan 36 titik taman bumi (Geopark) di Pegunungan Meratus yang tersebar di 10 kabupaten di provinsi kaya sumber daya alam ini.

Kepala Dinas Energi dan Sumber Daya Mineral Provinsi Kalimantan Selatan Isharwanto di Banjarbaru Kamis mengatakan,

penetapan status Pegunungan Meratus menjadi Geopark Nasional, akan diikuti dengan langkah-langkah pembangunan oleh Pemprov Kalsel.

Geopark (taman bumi) adalah sebuah kawasan yang memiliki unsur-unsur geologi dan mengajak masyarakat setempat berperan serta melindungi dan meningkatkan fungsi warisan alam, termasuk nilai arkeologi, ekologi dan budaya yang ada di dalamnya.

Menurut Isharwanto, penetapan status Pegunungan Meratus menjadi Geopark Nasional diharapkan dapat mengubah paradigma masyarakat untuk menjaga dan melestarikan keanekaragaman hayati di dalamnya.

""Keberadaan geopark akan membuat masyarakat yang dulunya menebang pohon di hutan, sekarang harus melindungi,"" katanya.

Melalui penetapan tersebut, Pemprov Kalsel juga akan mengupayakan, hutan sebagai pusat pertumbuhan ekonomi baru, sehingga dapat dapat meningkatkan perekonomian masyarakat sekitar, tanpa merusak hutan.

penetapan Geopark Meratus merupakan upaya konkrit Gubernur Kalimantan Selatan Sahbirin Noor, dalam menyelematkan Meratus dari kerusakan.

""Save Meratus menjadi perbincangan hangat, baik di kalangan aktivis dan pemerhati lingkungan. Geopark ini menjadi upaya konkrit Pak Gubernur dalam mendukung aspirasi masyarakat,"" katanya.

Beberapa langkah yang akan dilakukan Pemprov Kalsel menyelamatkan Meratus yaitu, membentuk badan pengelola geopark, masterplane pengembangan geopark dan meningkatkan infrastruktur di dalamnya.

Selain itu, meningkatkan jejaring dengan geopark yang ada baik skala nasional dan internasional, serta meningkatkan promosi wisata.

Isharwanto mengatakan, apabila geopark tidak dikembangkan dalam jangka 4 tahun ke depan, maka statusnya bisa dicabut.

""Makanya kami terus bergerak mengembangkan potensi Geopark Nasional Meratus ini,"" katanya.

Bukan hanya di tingkat nasional, pihaknya berusaha meningkatkan status menjadi geopark internasional, sambil terus berupaya mengembangkan infrastruktur pendukungnya.

Pada 24 Februari 2019, Pemprov Kalsel akan mendeklarasikan Geopark Meratus di Kiram Park, Kecamatan Karang Intan, Kabupaten Banjar, yang bakal dihadiri ribuan orang.

Selain itu, Pemprov juga akan mengembangkan 2 geosite prioritas yaitu Matang Keladan dan Geosite Kahung dengan menjadikan Desa Belangian menjadi desa wisata sebagai pintu utama.

Geopark Meratus menjadi yang pertama di Pulau Kalimantan dan memiliki keunikan dibanding geopark lainya. Keunikan tersebut, diantaranya Pegunungan Meratus merupakan sebuah pegunungan ofiolit tertua di dunia.*


Baca juga: Sang penjaga Meratus dari Hulu Sungai Tengah

Baca juga: Tim ekspedisi Meratus temukan 32 tanaman langka


Ã?Â Pewarta: Ulul MaskuriahEditor: Erafzon Saptiyulda AS				COPYRIGHT Ã?Â© ANTARA 2019


 ",meratus kalsel,"Anggrek anggrek meratus Biodiversitas Biodiversitas Meratus anggrek ACT NTB Bantuan Logistik Kapal Kemanusiaan walhi pegunungan meratus kalimantan selatan Komisi III DPR polda kalsel banjir kalsel Sentra Vaksinasi Bersama COVID-19 untuk lansia Pembongkaran kios dan lahan bekas pangkalan truk jalur Pantura Banyuputih Foto Pilihan pekan pertama Maret 2021 Sentra Vaksinasi Bersama COVID-19 untuk lansia Pembongkaran kios dan lahan bekas pangkalan truk jalur Pantura Banyuputih Foto Pilihan pekan pertama Maret 2021 Sentra Vaksinasi Bersama COVID-19 untuk lansia Pembongkaran kios dan lahan bekas pangkalan truk jalur Pantura Banyuputih Foto Pilihan pekan pertama Maret 2021 terisolasi hst Hulu Sungai Tengah pertamina banjir banjarmasin pertamina kalsel pln kalbar pln IPK Kalsel psikologi klinis covid-19 Banyak kendala, siswa SMP di Banjarmasin ujian di sekolah Kilas NusAntara Pagi BPOM kawal UMKM pangan NTB untuk pasar ekspor Pesan presiden ke mendag, perdagangan digital tidak boleh membunuh UMKM rumah khusus penyandang disabilitas kementerian pupr Polda Kalsel agrowisata syahrul yasin limpo menteri pertanian Polsek tapin utara polres tapin sabu 9 Anggrek anggrek meratus Biodiversitas Polres bjb ungkap sabu narkoba SIM Online dan Smart SIM permudah membuat SIM pendaftaran daring"
