Media_Online,Seed_URL,Parent,Anchor,Surrounding,Tanggal_Publish
beritasatu,https://www.beritasatu.com/nasional/600589/akses-ke-geopark-ciletuh-di-sukabumi-dikepung-banjir-dan-longsor,"Geopark Ciletuh, di Palabuhanratu, Sukabumi, Jawa Barat. (Foto: Istimewa) 
Sukabumi, Beritasatu.com - Akses jalan menuju objek wisata Geopark Ciletuh Palabuhan Ratu, Kabupaten Sukabumi, Jawa Barat, dikepung banjir dan tanah longsor yang diakibatkan hujan deras yang turun sejak Minggu, (16/2/2020) hingga Senin, (17/2/2020).
""Laporan sementara petugas kami di lapangan ada empat titik longsor yakni di Kampung Cipeucang, Desa Taman Jaya, Kampung Cibuti, Desa Giri Mukti, Kampung Batu Cakup, Desa Ciemas, dan Kampung Pasir Muncang, Desa Giri Mukti, Kecamatan Ciemas,"" kata Kepala Pusat Pengendalian Operasi Badan Penanggulangan Bencana Daerah (Pusdalops BPBD) Kabupaten Sukabumi Daeng Sutisna di Sukabumi, Senin.
Sementara, untuk kejadian banjir terjadi di Kampung Batu Karut, RT 03/06, Desa Tanjung Sari, Kecamatan Jampang Tengah. Banjir bandang yang terjadi di Sungai Cipicung ini disebabkan melonjaknya volume air.
Bencana tersebut mengakibatkan fondasi jembatan penghubung antardesa sepanjang 12 meter dengan lebar 1,5 meter terancam ambruk dan tidak bisa lagi dilalui kendaraan seperti sepeda motor.
Rusaknya jalur penghubung itu, menyebabkan warga terpaksa harus mengalihkan perjalanannya ke lokasi lainnya yang lebih jauh. Akibat dari bencana ini warga yang berada di kawasan objek wisata Geopark Ciletuh Palabuhan Ratu seperti Pantai Palampang belum bisa melintas karena akses jalan masih ada yang tertutup longsor dan tergenang banjir.
Pihaknya juga sudah berkoordinasi dengan sejumlah instansi terkait lainnya untuk mengevakuasi material longsoran yang menutup jalan serta membuat jembatan darurat atau dilakukan perbaikan agar bisa dilalui kendaraan.
Untuk banjir yang terjadi di Desa Ciwaru, Kecamatan Ciemas masih dalam pendataan dan informasinya sudah mulai surut, namun melihat cuaca pada Senin ini masih terjadi turun hujan berpotensi terjadi bencana susulan, tetapi berharap tidak ada.
""Pada kejadian bencana ini kami belum menerima laporan adanya korban jiwa, hanya beberapa fasilitas umum dan rumah warga yang rusak. Petugas kami pun masih berada di lokasi untuk membantu warga sekaligus melakukan pendataan,"" tambahnya.
Daeng mengimbau kepada warga maupun wisatawan untuk selalu waspada dan taat akan aturan serta imbauan dari petugas keamanan objek wisata, karena dalam sepekan terakhir ini cuaca kurang bersahabat.
Sumber: ANTARA 


TAG:Â 


Geopark Ciletuh Sukabumi 


",Geopark Ciletuh Sukabumi,Geopark Ciletuh Sukabumi Sukabumi gempa bumi tektonik BMKG BMKG: Waspada Potensi Gempa Besar Gempa Sukabumi Gempa Tektonik Sukabumi,"
          Senin, 17 Februari 2020 | 10:21 WIB
          Oleh :  JAS
"
beritasatu,https://www.beritasatu.com/nasional/571481/sekda-sukabumi-pengembangan-geopark-ciletuh-butuh-bantuan-pusat,"Pantai Ciletuh di kawasan Geopark Ciletuh Palabuhan Ratu, Sukabumi, Jawa Barat. (Foto: Antara) 
Sukabumi, Beritasatu.com- Sekretaris Daerah (Sekda) Kabupaten Sukabumi Iyos Somantri mengatakan pengembangan kawasan Geopark Ciletuh Palabuhanratu, Kabupaten Sukabumi, Jawa Barat perlu bantuan dari pemerintah pusat dan Pemerintah Provinsi (Pemprov) Jawa Barat.
""Geopark ini sudah ditetapkan United Nations of Educational, Scientific and Cultural Organization (Unesco) sebagai geopark dunia, bantuan khususnya dalam perbaikan sarana dan prasarana insfrastruktur,"" kata Iyos Somantri di Sukabumi, Minggu (25/8/2019).
Menurut dia, Pemkab Sukabumi saat ini terus memperbaiki insfrastruktur geopark karena menjadi andalan dalam meningkatkan ekonomi masyarakat serta pendapatan asli daerah (PAD).
Keberadaan geopark ini tidak hanya sebatas pariwisata saja, tetapi ada pemberdayaan dan ekonomi masyarakat serta kehidupan sosial lainnya.
Pihaknya mengapresiasi pemerintah pusat dan Pemprov Jabar yang terus memperhatikan keberadaan Geopark Ciletuh Palabuhanratu ini karena memiliki potensi besar bagi warga.
""Dengan insfrastruktur memadai, dapat mendorong peningkatan ekonomi masyarakat dan aspek kepariwisataan,"" tambah Iyos Somantri.
Iyos mengatakan insfrastruktur yang baik juga bisa menarik investor datang ke Kabupaten Sukabumi untuk menanamkan modalnya khususnya bidang pariwisata. Namun pihaknya menginginkan setiap investasi yang masuk melibatkan warga lokal.
Selain itu, dia berharap ke depan bisa dibangun Jalan Tol Cibadak-Palabuhanratu untuk menunjang konektivitas. Apalagi saat ini sedang dibangun Jalan Tol Bogor-Ciawi-Sukabumi (Bocimi), jalur ganda kereta api Sukabumi-Bogor dan dalam waktu dekat juga akan dibangun Bandara Sukabumi.
Sumber: ANTARA 


TAG:Â 


Ciletuh Geopark Ciletuh Sukabumi Sekda Sukabumi Bantuan Pusat 


",Ciletuh Geopark Ciletuh Sukabumi Sekda Sukabumi Bantuan Pusat,Ciletuh Geopark Ciletuh Sukabumi Sekda Sukabumi Bantuan Pusat Ciletuh Geopark Ciletuh Sukabumi Sekda Sukabumi Bantuan Pusat Ciletuh Geopark Ciletuh Sukabumi Sekda Sukabumi Bantuan Pusat Ciletuh Geopark Ciletuh Sukabumi Sekda Sukabumi Bantuan Pusat,"
          Minggu, 25 Agustus 2019 | 10:37 WIB
          Oleh :  WBP
"
beritasatu,https://www.beritasatu.com/mobil/536582/menjajal-keandalan-xenia-1500-cc-di-tanjakan-ekstrem-geopark-ciletuh,"Dua Grand New Xenia berpose di kawasan Geoprak Ciletuh, Pelabuhanratu, Sukabumi, Jawa Barat. (Foto: istimewa) 
Sukabumi, Beritasatu.com - Kehadiran Grand New Xenia dengan varian baru 1.500 cc awal Januari lalu mampu menyedot perhatian publik di Tanah Air. Mobil serba guna (multi purpose vehicle/MPV) legendaris dari Daihatsu itu memang sudah diakui keandalannya.
Selama 15 tahun mengaspal di pelosok negeri, Xenia dinilai sangat mumpuni. Mayoritas penggunanya mengakui hal itu. Padahal, mesin yang disematkan saat itu 1.000 cc dan 1.300 cc. Tahun lalu, Xenia sudah meninggalkan varian 1.000 cc. Kini, Xenia hadir dengan tetap mengusung 1.300 cc dan menambah varian baru dengan mesin yang lebih besar, 2NR-VE DOHC Dual VVT-i berkapasitas 1.500 cc. Mesin itu juga yang digunakan Toyota Avanza Veloz, saudara kembarnya. Keduanya diproduksi di pabrik Daihatsu di Karawang, Jawa Barat.
âKami sebut big minor change, karena ada varian baru Xenia mesin 1.500 cc. Sebab, ada keinginan konsumen Daihatsu untuk MPV dengan tenaga yang lebih besar,â tutur Marketing and CR Division Head PT Astra International Tbk-Daihatsu Sales Operation (AI-DSO) Hendrayadi Lastiyoso di Jakarta, Rabu (6/2).
Saat diluncurkan 15 Januari lalu, pihak Daihatsu menyebutkan, untuk Xenia terbaru ini, pihaknya mengusung kelebihan berupa tampilan yang baru, kenyamanan, suspensi diperbarui, peredam ditambah, kestabilan, lebih kedap. Juga ada keunggulan dari faktor safety berupa fitur keselamatan yang lebih tinggi seperti antilock brake system (ABS) dan electronic brakeforce distribution (EBD).
Seluruh keunggulan itu ingin dibuktikan lewat kegiatan test drive yang digelar untuk jurnalis pekan lalu. Kegiatan itu diikuti 14 jurnalis dari berbagai media massa nasional. Para jurnalis menjajal Grand New Xenia varian baru 1.500 cc tipe otomatis (matik) dan manual. Mereka mencoba di berbagai kondisi jalan dan medan dari Jakarta ke kawasan Geopark Ciletuh, Sukabumi, Jawa Barat, yang memiliki kontur jalan ekstrem naik dan turun.
Saat pertama kali dibawa melaju di jalan Tol Dalam Kota hingga masuk Tol Jagorawi, performa unggul dari Xenia langsung terasa. Sangat berbeda dengan generasi sebelumnya. Begitu dipacu kencang di Tol Jagorawi yang sepi di pagi hari, Grand New Xenia begitu mantap menapak aspal dan berakselerasi. Tak lagi terdengar bising mesin ataupun suara ribut dari luar kabin. Memang, Xenia terbaru ini selain mengedepankan mesin lebih bertenaga, juga menawarkan tingkat kenyamanan yang lebih tinggi.
Pabrik Daihatsu di Karawang memoles Grand New Xenia dengan peredam suara yang lebih baik ketimbang model sebelumnya. Makanya tak heran, kabin begitu senyap.
âBeda sekali dengan yang sebelumnya, kini kabin tidak lagi bising,â kata Wahyu S, salah satu jurnalis yang menjajal Grand New Xenia 1.500 cc tipe R Deluxe transmisi manual (M/T).
Kenyamanan di kabin semakin kaya dengan banyaknya fitur tambahan yang dimiliki Xenia terbaru. Semuanya âdinikmatiâ dengan leluasa dan memuaskan oleh para peserta test drive. Grand New Xenia memang memberi suasana kabin berbeda hadirnya dua sentuhan warna dan desain center cluster dengan sentuhan black piano. Juga dipadukan teknologi kekinian digital AC. Terasa sekali kesan mewah dari tombol pendingin ruangan kabin itu. Pengemudi juga mudah menggunakannya.
Pada sisi audio, Grand New Xenia menawarkan 2-DIN touchscreen audio di semua varian. Pada beberapa varian, audio sudah didukung teknologi konektivitas yang dapat menghubungkan audio dengan smartphone penghuni kabin.
Lalu, dengan disematkannya tombol pengaturan audio pada posisi setir kemudi, power outlet pada baris pertama dan kedua, audio speaker di enam lokasi, semakin memberikan kenyamanan dan keasyikan tersendiri saat digunakan berkendara.
Dengan adanya shark fin antena, selain lebih stylish, juga menghasilkan suara jernih.
Selain soal kenyamanan di dalam kabin, Wahyu juga menyoroti soal setir kemudi yang ringan tetapi terasa kokoh di genggaman. Hal itu memudahkannya untuk bermanuver. Gagang kemudi juga bisa diubah naik dan turun sesuai kenyamanan pengendaranya lewat tuas di sisi kiri bawah tiang kemudi. Batang kemudi Grand New Xenia untuk semua tipe menggunakan Rack and Pinion yang didukung electric power steering. Tipe kemudi itu juga mampu menyokong radius putar minimun sebesar 4,7 meter.
Ketika test drive, jalur panjang dari Jalan Tol Dalam Kota, Tol Jagorawi, hingga Tol Bocimi keluar di Gate Cigombong, bisa ditempuh secara singkat. Bahkan, saat memasuki Tol Bocimi yang sepi, Xenia bisa digeber hingga kecepatan 140 km/jam tanpa ada kendala dan getaran yang mengganggu.
Kemudian, saat memasuki jalan berliku di kawasan Geopark Ciletuh, Grand New Xenia juga tidak menghadapi kendala berarti.
MPV legendaris Daihatsu ini juga mampu menembus tanjakan cukup ekstrem di Puncak Darma dan Puncak Aher, dua kawasan paling tinggi di perbukitan Geopark Ciletuh. Dua puncak ini memang menjadi incaran para wisatawan. Dari situ, wisatawan bisa menikmati pemandangan indah hamparan sawah dan laut yang tenang di Teluk Ciletuh.
Beberapa warga yang ditemui mengaku, kawasan Bukit Aher rawan kecelakaan. Tanjakan yang lumayan ekstrem, memaksa pengendara musti lebih berhati-hati dan cepat tanggap memindahkan transmisi persneling. Di situ, banyak kendaraan mogok dan tak sanggup menempuh hingga atas bukit. Namun, Grand New Xenia yang âditunggangiâ para jurnalis dari Jakarta, bisa melampauinya dengan leluasa.
Walaupun di beberapa segmen jalan, ada beberapa jurnalis musti mematikan AC agar tenaga bisa lebih kuat menanjak dan lepas dari kekhawatiran mobil mati mesin. Padahal, sebagian lagi bisa melaju dengan aman walau AC tetap beroperasi.
âMemang butuh kesigapan dan pas momentumnya, agar mobil tidak mundur, dan bisa terus melaju,â kata Wira, salah seorang jurnalis lainnya.
Menurut dia, mesin 1.500 cc Xenia yang memiliki tenaga maksimum 104x6000 PS/RPM dengan kekuatan torsi maksimum 13,9/4.200 kg.m/RPM bisa diacungi jempol. Makanya, tidak diragukan untuk dibawa menanjak, hingga tanjakan lumayan ekstrem sekalipun di kawasan Geopark Ciletuh.
Saat melewat jalan berlubang, Grand New Xenia juga mampu meredam goncangan dengan baik.
Boleh dibilang, suspensi Mac Pherson Struts dengan per keong dan stabilizer di roda depan serta jenis 5 link, rigid-axle dengan per keong di roda belakang merupakan pilihan tepat disematkan di Xenia terbaru.
Animo MengejutkanTernyata, animo konsumen terhadap Grand New Xenia begitu tinggi. Terutama untuk varian terbaru 1.500 cc. Buktinya, dari target awal manajemen bahwa varian terbaru ini hanya terjual 10 persen dari total jualan Xenia, ternyata target itu terlampaui.
Manajemen Daihatsu memang belum merilis secara resmi angka penjualan Xenia sejak diluncurkan pada 15 Januari 2019 lalu hingga saat ini. Sebab, peluncuran Xenia terbaru tidak dilakukan secara serentak di sejumlah daerah. Seperti Jakarta dan sekitarnya dilakukan pada 15 Januari, sedangkan kawasan Sumatera digelar pada 18 Januari 2019, lalu Balikpapan dan Samarinda sekitarnya dilakukan pada 24 Januari, sedangkan Makassar dan sekitarnya baru diluncurkan 4 Februari lalu.
Namun, informasi yang beredar di kalangan jurnalis, total pemesanan kendaraan dalam 15 hari pertama, atau hingga akhir Januari 2019 lalu, sudah melebihi rata-rata penjualan bulanan Xenia model sebelumnya.
Hendrayadi menyatakan, dalam waktu dekat pihaknya akan merilis angka penjualan itu ke publik. Namun, dia optimistis, target 3.000 unit per bulan sudah terlampaui hingga akhir bulan ini.
Menurut dia, animo masyarakat lumayan tinggi. Bahkan, untuk varian terbaru 1.500 cc yang diperkirakan hanya terjual 10 persen dari total jualan Xenia, ternyata bisa tercapai di atas 10 persen.
âAngka 10 persen ini hanya periode launching. Nanti kita lihat responsnya, kalau bagus, akan kita tambah. Total target penjualan Xenia terbaru rata-rata 3.000 unit, atau naik dari rata-rata sebelumnya sekitar 2.500 unit. Jadi yang 1.500 cc kami targetkan sekitar 300 unit, memang tidak terlalu besar,â papar dia.
Diakui, animo masyarakat tinggi karena harga Xenia tidak naik dari model sebelumnya. Padahal, logikanya, kata dia, dengan adanya desain baru, tentu ada biaya pengembangan. Belum lagi, setiap Januari, tanpa ada perubahan desain pun, pasti harga otomotif naik, karena ada perubahan harga Bea Balin Nama (BBN) yang dikeluarkan pemerintah.
Jadi logikanya, kata Hendrayadi, semestinya ada dua kenaikan. âTetapi kita lihat kondisi pasar. Walaupun Daihatsu dan Toyota market leader, pasar terus berkembang, pemainnya makin banyak, ada tujuh pemain di segmen MPV ini yang tadinya hanya dua pemain. Mau tidak mau, semuanya rebutan kue. Jadi persaingan pasar ketat, makanya kami pakai strategi tidak menaikkan harga,â tutur dia.
Xenia terbaru yang hadir dengan 10 varian itu dijual dengan harga terendah Rp 183,35 juta hingga tertinggi Rp 228,95 juta. Varian terbaru 1.500 cc harganya terpaut lebih murah sekitar Rp 10 juta dari saudara kembarnya, Avanza Veloz. Sebagai contoh, Grand New Xenia 1.5 R deluxe transmisi manual dijual Rp 218,05 juta sedangkan transmisi matik Rp 228,95 juta. Tipe Avanza Veloz R manual dijual Rp 227,65 juta dan matik Rp 239,45 juta.
 
Sumber: Suara Pembaruan 


TAG:Â 


Grand New Xenia Ciletuh Geopark Ciletuh 


",Grand New Xenia Ciletuh Geopark Ciletuh,Grand New Xenia Ciletuh Geopark Ciletuh Grand New Xenia Ciletuh Geopark Ciletuh Geopark Ciletuh Sukabumi,"
          Rabu, 6 Februari 2019 | 16:18 WIB
          Oleh : Yuliantino Situmorang /  YS
"
beritasatu,https://www.beritasatu.com/nasional/499088/300000-turis-kunjungi-geopark-ciletuh-selama-libur-lebaran,"Geopark Ciletuh, di Palabuhanratu, Sukabumi, Jawa Barat. (Foto: Istimewa) 
Sukabumi, Jawa Barat - Badan Penyelamat Wisata Tirta (Balawista) Kabupaten Sukabumi menyatakan seperempat juta lebih atau sekitar 300.000 wisatawan memadati objek wisata tirta di Geopark Ciletuh Palabuhanratu, Sukabumi, Jawa Barat pada libur panjang Lebaran 2018.
""Jumlah wisatawan yang datang ke objek wisata di Kabupaten Sukabumi kemungkinan lebih dari 300.000 orang, karena kami mencatat yang masuk objek wisata tirta saja seperti pantai, sungai dan air terjun,"" kata Ketua Harian Balawista Kabupaten Sukabumi Yanyan Nuryanto di Sukabumi, Minggu (1/7).
Menurut dia, hingga saat ini jumlah wisatawan yang datang ke objek wisata tirta di Kabupaten Sukabumi masih banyak, tetapi tidak membludak seperti saat musim liburan panjang.
Mayoritas wisatawan yang datang berasal dari Sukabumi, Jakarta, Bogor, Depok, Tangerang, Bekasi, Banten, Bandung, dan Cianjur.
Animo wisatawan tinggi karena penasaran setelah UNESCO menetapkan Geopark Cileutuh Palabuhanratu sebagai taman alam batuan tua warisan dunia. Selain itu, pantai di Sukabumi mempunyai keunikan dibandingkan daerah lain.
Selama libur Lebaran tercipta antrean panjang kendaraan ke objek wisata laut seperti Palabuanratu.
""Objek wisata tirta Kabupaten Sukabumi memang selalu menjadi daerah tujuan wisatawan setiap tahunnya, apalagi pada musim libur lebaran dan Tahun Baru. Ini membuktikan bahwa lokasi wisata ini menjadi andalan,"" kata Yanyan.
Sumber: ANTARA 


TAG:Â 


Geopark Ciletuh Sukabumi Wisatawan UNESCO 


",Geopark Ciletuh Sukabumi Wisatawan UNESCO,Geopark Ciletuh Sukabumi Sukabumi gempa bumi tektonik BMKG BMKG: Waspada Potensi Gempa Besar Gempa Sukabumi Gempa Tektonik Sukabumi Luhut Binsar Panjaitan Bali Keunikan Arsitektur Bali Jadi Daya Tarik Wisatawan Luhut Luhut Binsar Pandjaitan Bali Wisatawan Protokol Kesehatan Persatuan Insan Kolintang Nasional Covid-19 UNESCO Pinkan kolintang Menkominfo Beri Apresiasi Lomba Kreativitas Kolintang Nasional Marsetio Persatuan Insan Kolintang Nasional UNESCO Marsetio Pinkan Kolintang,"
          Minggu, 1 Juli 2018 | 20:54 WIB
          Oleh :  WBP
"
beritasatu,https://www.beritasatu.com/video-berita/497389/menikmati-mandi-air-panas-di-geopark-ciletuh,"Menikmati Mandi Air Panas di Geopark Ciletuh (Foto: Youtube.com/BeritaSatu) 
        Mengisi libur Lebaran, sejumlah wisatawan mengunjungi kawasan Geopark Ciletuh Sukabumi yang dinyatakan UNESCO sebagai salah satu kawasan geopark dunia. Salah satu yang cukup diminati  adalah kawasan pemandian air panas di Cipanas, Sukabumi.[youtube]https://www.youtube.com/watch?v=bZQo_7NDuwE[/youtube]
                  Sumber: BeritaSatu TV ",,Geopark Ciletuh Sukabumi Sukabumi gempa bumi tektonik BMKG BMKG: Waspada Potensi Gempa Besar Gempa Sukabumi Gempa Tektonik Sukabumi Luhut Binsar Panjaitan Bali Keunikan Arsitektur Bali Jadi Daya Tarik Wisatawan Luhut Luhut Binsar Pandjaitan Bali Wisatawan Protokol Kesehatan Persatuan Insan Kolintang Nasional Covid-19 UNESCO Pinkan kolintang Menkominfo Beri Apresiasi Lomba Kreativitas Kolintang Nasional Marsetio Persatuan Insan Kolintang Nasional UNESCO Marsetio Pinkan Kolintang,"
          Selasa, 19 Juni 2018 | 18:17 WIB
          Oleh :  YTB
"
beritasatu,https://www.beritasatu.com/rehat/493145/unesco-terbitkan-sertifikat-untuk-geopark-ciletuh,"Wisatawan menikmati suasana Curug Cimarinjung di kawasan Geopark Ciletuh, Pelabuhan Ratu, Kabupaten Sukabumi, Jawa Barat.  (Foto: Antara) 
Bandung - Sertifikat Unesco Global Geoparks (UGG) bagi Ciletuh-Palabuhanratu telah terbit. General Director of Unesco, Audrey Azoulay, menandatangani langsung sertifikat tersebut sehingga lengkap sudah legalitas Geopark Ciletuh-Palabuhanratu, Kabupaten Sukabumi, Jawa Barat sebagai bagian dari 'keluarga besar' UGG di dunia.
Ketua Harian Badan Pengelola Geopark Ciletuh-Palabuhanratu Deny Juanda, di Bandung, Sabtu (19/5), mengatakan terbitnya sertifikat ini melengkapi perjuangan proses sertifikasi UNESCO.
""Alhamdulillah, kami bersyukur sekali atas terbitnya sertifikat ini, segera akan digelar acara peresmian UGG-Geopark Ciletuh-Palabuhanratu,"" katanya.
""Terima kasih atas prestasi semua pihak yang telah concern dan bersama-sama berjuang pada setiap proses sertifikasi Unesco,"" lanjutnya.
Sertifikat ini memiliki masa berlaku sejak ditetapkan dari 17 April 2018 hingga 16 April 2022.
Sebelumnya, Unesco mengesahkan 12 geopark dari 11 negara sebagai UGG. Pengesahan disampaikan dalam sidang Executive Board Unesco ke 204, Komisi Programme and External Relations, Kamis (12/4/18) di Paris, Perancis.
Gubernur Jabar Ahmad Heryawan atau Aher mengatakan pihaknya mendapatkan kabar tersebut dari Kepala Dinas Pariwisata dan Kebudayaan Kabupaten Sukabumi, Budiman, selaku perwakilan Jawa Barat di sidang tersebut.
Hingga kini tercatat empat UGG di Indonesia, yakni Batur UNESCO Global Geopark, Gunung Sewu UNESCO Global Geopark, Ciletuh - Palabuhanratu aspiring UNESCO Global Geopark, dan terakhir Rinjani-Lombok UNESCO Global Geopark.
Pasca penetapan bulan lalu, Pemprov Jabar terus menggenjot pembangunan infrastruktur di Ciletuh-Palabuhanratu. Gubernur Jawa Barat Ahmad Heryawan (Aher) mengungkapkan untuk infrastruktur jalan penghubung Geopark Ciletuh-Palabuhanratu, Pemprov Jawa Barat sudah menggelontorkan anggaran Rp96 miliar pada 2016 untuk ruas jalan dari pintu masuk Waluran ke Geopark.
Selain itu, pada 2017 dibangun juga ruas jalan dari pintu masuk Loji ke Geopark yang menelan anggaran Rp217 miliar.
""Tahun ini kita membuat kawasan jalan dari arah pintu masuk Paltiga sebesar Rp90 miliar. Termasuk pembangunan bandara di Sukabumi, karena salah satu syarat geopark internasional itu, harus ada bandara dekat geopark dengan jarak tempuh maksimal tiga jam perjalanan,"" katanya.
Ruas jalan yang akan dibangun itu, menghubungkan wilayah Desa Ciemas-Ciatel, hingga Puncak Darma. Panjangnya sekitar 13 kilometer, menggunakan APBD Provinsi Jabar 2018 sekitar Rp 82 miliar. Nantinya jalan tersebut akan tersambung dengan akses jalur sabuk Ciemas.
Sumber: ANTARA 


TAG:Â 


Geopark Ciletuh Sukabumi Jawa Barat UNESCO Sertifikat Unesco Global Geopark 


",Geopark Ciletuh Sukabumi Jawa Barat UNESCO Sertifikat Unesco Global Geopark,Geopark Ciletuh Sukabumi Sukabumi gempa bumi tektonik BMKG BMKG: Waspada Potensi Gempa Besar Gempa Sukabumi Gempa Tektonik Sukabumi Jawa Barat Ridwan Kamil Ridwan Kamil Sebut PPKM Mikro di Jawa Barat Berhasil Jabar Covid-19 Ridwan Kamil Jakarta Covid-19 Banten Jawa Barat Persatuan Insan Kolintang Nasional Covid-19 UNESCO Pinkan kolintang Menkominfo Beri Apresiasi Lomba Kreativitas Kolintang Nasional Marsetio Persatuan Insan Kolintang Nasional UNESCO Marsetio Pinkan Kolintang Geopark Ciletuh Sukabumi Jawa Barat UNESCO Sertifikat Unesco Global Geopark,"
          Sabtu, 19 Mei  2018 | 21:23 WIB
          Oleh :  YUD
"
beritasatu,https://www.beritasatu.com/nasional/488727/ciletuh-dan-rinjani-jadi-geopark-dunia,"Wisatawan menikmati suasana Curug Cimarinjung di kawasan Geopark Ciletuh, Pelabuhan Ratu, Kabupaten Sukabumi, Jawa Barat.  (Foto: Antara) 
Jakarta - Geopark Ciletuh Palabuhan Ratu dan Geopark Rinjani telah resmi ditetapkan sebagai geopark dunia setelah mendapat peringkat UNESCO Global Geopark (UGG) dalam sidang executive board UNESCO ke-204 di Paris, Selasa waktu setempat.
Sekretaris Deputi Bidang Sumber Daya Manusia, Iptek dan Budaya Maritim Kemko Kemaritiman, Elvi Wijayanti dalam siaran pers di Jakarta, Selasa, mengatakan UNESCO juga mengesahkan 12 geopark dari 11 negara sebagai UGG.
""Keberhasilan ini tentunya akan semakin meningkatkan pamor wisata alam kita di mata dunia. Saat ini berarti Indonesia memiliki empat UGG, yaitu Geopark Batur di Bali, Gunung Sewu di Jawa Tengah, Rinjani di Nusa Tenggara Barat dan Ciletuh-Palabuhan Ratu di Jawa Barat,"" katanya.
General Manager Badan Pengelola Geopark Ciletuh Palabuhan Ratu, Dana Budiman mengatakan potensi geopark untuk membangun perekonomian sangat besar. Keindahan yang alam yang lengkap, lanskap, gunung, air terjun, sawah, ladang, harus cepat dikembangkan agar bisa menghidupkan ekonomi masyarakat.
Proses Geopark Ciletuh mendapat UGG dinilai cepat. Proses penetapannya hanya berjarak sekitar tiga tahun setelah menjadi geopark nasional. Sementara perjalanan Geopark Rinjani untuk mendapat UGG lebih panjang.
Geopark Ciletuh merupakan kawasan yang terdiri atas gunung dan pantai, serta komposisi batuan purba yang muncul ke permukaan karena terendap dalam palung laut hasil penunjaman lempeng samudra di bawah lempeng benua pada Zaman Kapur, 50-65 juta tahun silam.
Tanda-tanda Gunung Rinjani akan menjadi global geopark sebenarnya telah terlihat, yaitu saat NTB ditunjuk sebagai tuan rumah pertemuan seluruh anggota Geopark se-Asia Pasifik pada 2019. Dengan peningkatan status tersebut, kawasan Gunung Rinjani akan semakin dipromosikan ke masyarakat internasional.

Gunung Rinjani.
Sumber: ANTARA 


TAG:Â 


Ciletuh Rinjani Gunung Rinjani geopark 


", Ciletuh Rinjani Gunung Rinjani geopark,Grand New Xenia Ciletuh Geopark Ciletuh pendaki Rinjani selamat Evakuasi KLHK sumber daya alam masyarakat adat Gunung Rinjani Laskar Sasak KPK Diminta Tangani Korupsi Sektor Sumber Daya Alam Jalur Pendakian Gunung Rinjani Segera Dibuka KLHK Gunung Rinjani Masyarakat Adat Sumber Daya Alam Laskar Sasak geopark Arief Yahya,"
          Rabu, 18 April 2018 | 11:12 WIB
          Oleh :  AB
"
beritasatu,https://www.beritasatu.com/saujana/486773/festival-hari-nelayan-pelabuanratu-ke58-sukses,"Salah satu kontestan pada Festival Hari Nelayan Palabuhan Ratu Ke-58, Sukabumi, Kamis (5/4/2018).  (Foto: istimewa) 
Sukabumi- Gelaran Festival Hari Nelayan Pelabuanratu ke-58, di Sukabumi, Jawa Barat, Kamis (5/4), berlangsung sukses. Ribuan wisatawan menghadiri acara itu.
Halaman parkir Pasar Pelabuhan Ratu yang jadi pusat titik acara semakin meriah saat digelar pertunjukan kesenian tradisional mengisahkan pantai selatan Jawa Barat dan Kerajaan Padjadjaran.
Deputi Bidang Pemasaran I Kementerian Pariwisata (Kempar) I Gde Pitana mengatakan, pihaknya sangat bahagia mendukung perhelatan pariwisata tersebut. Terlebih, penyelenggaraan Festival Hari Nelayan Pelabuanratu ke-58, menjadi momentum untuk mendukung upaya penetapan Geopark Ciletuh oleh UNESCO.
âDiharapkan pengembangan Kawasan Geopark Ciletuh Pelabuhan Ratu sebagai tujuan wisata internasional dapat terwujud agar masyarakat pesisir tidak tergantung pada sektor perikanan, tetapi juga mampu mengembangkan sumber ekonomi lainnya, yakni pariwisata,"" ujar Pitana yang juga diamini Asisten Deputi Strategi dan Komunikasi Pemasaran I Hariyanto di Pelabuhan Ratu, Kamis (5/4).
Dalam acara tersebut, hadir pula Bupati Kabupaten Sukabumi Marwan Hamami, anggota Komisi X DPR Reni Marlinawati, Ketua Himpunan Nelayan Seluruh Indonesia Dede Ola. Reni merupakan puteri terbaik yang berasal daru Pelabuhan Ratu dan sukses sebagai Wakil Rakyat di ranah nasional.
Hariyanto mengatakan, kehadiran Kempar dan Komisi X DPR ini adalah sebagai bukti sinergi yang harmonis antara lembaga eksekutif dan legislatif, bersama-bersama dengan pemerintah daerah, seluruh stakeholder dan masyarakat luas dalam memajukan kepariwisataan sebagai sektor prioritas nasional.
Reni Marlinawati juga menegaskan, keberadaaan keberadaaan Geopark Ciletuh akan berdampak positif demi penyelamatan keanekaragaman geolog, hayati, dan budaya.
âGeopark Ciletuh diharapkan berdampak pada perkembangan pariwisata dan meningkatkan perekonomian masyarakat sekitar, ini sangat baik untuk kesejahteraan rakyat,"" kata Reni.
Reni menambahkan, untuk menjadi tujuan wisata internasional, Geopark Ciletuh perlu didukung dengan tiga komponen utama pengembangan destinasi, yaitu 3A (aksesibilitas, amenitas, dan atraksi). Terkait aksesibilitas atau konektivitas, maka ke depan pemerintah akan menjadikan Pelabuhan Ratu sebagai pelabuhan pariwisata.
âNantinya, pada saat akhir pekan objek wisata Geopark Ciletuh dapat dijangkau dengan kapal selama 30 menit. Kementerian Perhubungan menargetkan Pelabuhan Ratu, sudah harus bisa berfungsi secara maksimal pada 2019. Ditambah jika nanti Tol Bogor Sukabumi Cianjur rampung dibangun,"" ujarnya.
Festival Hari Nelayan ini digelar selama 10 hari. Rangkaian kegiatan digelar di sejumlah tempat. Sejumlah kegiatan dipadukan dengan festival budaya masyarakat khas pesisir.
Menteri Pariwisata Arief Yahya mengapresiasi gelaran event budaya Festival Hari Nelayan Pelabuanratu ke-58. Dirinya dengan adanya event ini bisa mempercepat penetapan keberadaan Geopark Ciletuh. Untuk itu harus digarap serius karena melihat potensi destinasi, Menpar Arief ingin mendorong standarnya ke level dunia.
Sumber: Suara Pembaruan 


TAG:Â 


Pelabuhan Ratu Sukabumi Geopark Ciletuh 


",Pelabuhan Ratu Sukabumi Geopark Ciletuh,"jalan tol Libur Natal dan Tahun Baru, Polisi Siapkan Rekayasa Arus Lalin di Jalan Tol Berhenti di Jalan Tol, Modus Pengemudi Hindari Ganjil-Genap Jalan tol Jalan Tol Cibadak-Pelabuhan Ratu Sukabumi Pelabuhan Ratu Sukabumi gempa bumi tektonik BMKG BMKG: Waspada Potensi Gempa Besar Gempa Sukabumi Gempa Tektonik Sukabumi Geopark Ciletuh Sukabumi","
          Kamis, 5 April 2018 | 21:03 WIB
          Oleh : Bernadus Wijayaka /  BW
"
beritasatu,https://www.beritasatu.com/ekonomi/486491/menhub-targetkan-pelabuhan-ratu-beroperasi-2019,"Menteri Perhubungan, Budi Karya Sumadi.  (Foto: Beritasatu Photo/Mikael Niman) 
Sukabumi - Menteri Perhubungan (Menhub) Budi Karya Sumadi menargetkan Pelabuhan Ratu, Sukabumi sudah harus bisa berfungsi secara maksimal pada 2019.
""Saya minta kepada teman-teman di Sukabumi gunakan Pelabuhan Ratu ini semaksimal mungkin. Kita ingin pada tahun 2019 pelabuhan ini semarak dan berfungsi maksimal,"" ungkap Menhub ketika melakukan peninjauan ke Pelabuhan Ratu, Rabu (4/4).
Pelabuhan Ratu akan dimaksimalkan untuk memudahkan konektivitas ke Jakarta. Pengiriman hasil bumi, hasil tambang, dan barang-barang lainnya akan menggunakan kapal atau tongkang dari Pelabuhan Ratu agar semakin efisien.
""Saya baru dapat masukan bahwasannya di sini butuh konektivitas ke Jakarta yang selama ini dengan darat itu biayanya tinggi dan merusak jalan. Pakai kapal atau tongkang untuk mengantar hasil bumi, hasil tambang, dan mendatangkan barang barang tertentu ke sini lebih efisien,"" jelas Budi.
Selain untuk memudahkan konektivitas, Pelabuhan Ratu juga akan difokuskan untuk menjadi pelabuhan pariwisata pada saat akhir pekan. Terlebih dengan adanya objek wisata Geopark Ciletuh yang dapat dijangkau dengan kapal selama 30 menit, diharapkan dapat membuat semarak Pelabuhan Ratu.
""Ada satu potensi yaitu Geopark Ciletuh, yang kalau naik kapal itu cuma 30 menit. Sabtu minggu itu digunakan untuk pelabuhan pariwisata. Saya minta kepada Kepala Dinas Perhubungan kerjasama dengan Kepala Dinas Pariwisata untuk mengumpulkan stakeholder pariwisata. Supaya awal tahun 2019 pada saat ini sudah selesai, komoditas sudah bergairah untuk jalan ke sana,â tutup Menhub.
Sumber: BeritaSatu.com 


TAG:Â 


Menhub Pelabuhan Ratu Pelabuhan Budi Karya Sumadi 


",Menhub Pelabuhan Ratu Pelabuhan Budi Karya Sumadi,"Menhub Budi Karya Sumadi KAI Sinar Mas Land Transformasi Digital Dorong Pelayanan KA Jabodetabek Lebih Tertib  Sinar Mas Land KAI Perluas Layanan GeNose di Stasiun Wilayah Jatim Menhub Budi Karya Sumadi Stasiun Jatake KAI Sinar Mas Land jalan tol Libur Natal dan Tahun Baru, Polisi Siapkan Rekayasa Arus Lalin di Jalan Tol Berhenti di Jalan Tol, Modus Pengemudi Hindari Ganjil-Genap Jalan tol Jalan Tol Cibadak-Pelabuhan Ratu Sukabumi Pelabuhan Ratu Pelindo III) Bank BTN Pelindo III Percepat Pengembangan Bali Maritime Tourism Hub BTN Harus Fokus Pembiayaan Program Sejuta Rumah Pelindo III BTN Pelabuhan BUMN Bank BTN Menhub Budi Karya Sumadi KAI Sinar Mas Land Transformasi Digital Dorong Pelayanan KA Jabodetabek Lebih Tertib  Sinar Mas Land KAI Perluas Layanan GeNose di Stasiun Wilayah Jatim Menhub Budi Karya Sumadi Stasiun Jatake KAI Sinar Mas Land","
          Rabu, 4 April 2018 | 14:17 WIB
          Oleh : Thresa Sandra Desfika /  FER
"
